key,0
0,2
1,8
2,8
3,0
4,4
5,6
6,6
7,2
8,2
9,8
10,0
11,8
12,3
13,3
14,4
15,8
16,3
17,4
18,0
19,6
20,4
21,0
22,0
23,7
24,2
25,4
26,4
27,0
28,6
29,4
30,6
31,2
32,2
33,5
34,8
35,4
36,4
37,8
38,0
39,2
40,0
41,4
42,2
43,4
44,0
45,0
46,5
47,8
48,4
49,4
50,8
51,8
52,6
53,2
54,8
55,8
56,3
57,6
58,8
59,0
60,4
61,3
62,3
63,2
64,4
65,4
66,8
67,0
68,2
69,0
70,2
71,4
72,8
73,8
74,0
75,2
76,0
77,3
78,6
79,8
80,8
81,1
82,4
83,0
84,2
85,7
86,5
87,8
88,8
89,1
90,0
91,4
92,8
93,6
94,4
95,4
96,4
97,0
98,0
99,2
100,4
101,4
102,5
103,3
104,1
105,8
106,2
107,6
108,8
109,5
110,4
111,0
112,2
113,2
114,2
115,6
116,0
117,4
118,3
119,6
120,8
121,4
122,4
123,2
124,8
125,2
126,8
127,2
128,5
129,2
130,4
131,1
132,8
133,9
134,3
135,0
136,0
137,2
138,2
139,8
140,2
141,8
142,6
143,2
144,8
145,0
146,2
147,5
148,3
149,5
150,8
151,5
152,3
153,8
154,0
155,3
156,2
157,8
158,6
159,4
160,0
161,2
162,3
163,4
164,8
165,4
166,8
167,4
168,5
169,0
170,8
171,0
172,4
173,8
174,2
175,9
176,0
177,4
178,2
179,8
180,3
181,0
182,2
183,0
184,2
185,0
186,6
187,2
188,3
189,8
190,4
191,3
192,2
193,5
194,6
195,4
196,8
197,5
198,7
199,3
200,5
201,1
202,8
203,2
204,8
205,4
206,0
207,4
208,4
209,0
210,6
211,0
212,3
213,4
214,8
215,6
216,0
217,9
218,0
219,2
220,6
221,4
222,8
223,4
224,3
225,2
226,7
227,2
228,3
229,0
230,4
231,1
232,2
233,4
234,0
235,0
236,4
237,0
238,3
239,5
240,1
241,8
242,4
243,0
244,0
245,4
246,2
247,0
248,2
249,6
250,2
251,3
252,4
253,2
254,4
255,8
256,4
257,0
258,8
259,4
260,5
261,8
262,6
263,4
264,8
265,8
266,8
267,4
268,0
269,0
270,2
271,2
272,4
273,2
274,8
275,3
276,8
277,4
278,5
279,5
280,8
281,4
282,2
283,1
284,8
285,2
286,8
287,8
288,7
289,9
290,1
291,2
292,2
293,8
294,6
295,4
296,4
297,0
298,0
299,2
300,4
301,2
302,6
303,2
304,2
305,8
306,2
307,2
308,1
309,2
310,8
311,6
312,8
313,0
314,2
315,0
316,5
317,6
318,4
319,4
320,3
321,3
322,6
323,4
324,6
325,8
326,8
327,2
328,4
329,2
330,4
331,9
332,2
333,4
334,2
335,4
336,2
337,8
338,2
339,4
340,3
341,6
342,2
343,0
344,0
345,3
346,2
347,2
348,8
349,8
350,4
351,6
352,0
353,2
354,2
355,2
356,4
357,4
358,8
359,0
360,4
361,5
362,8
363,0
364,0
365,0
366,4
367,5
368,0
369,4
370,4
371,7
372,0
373,8
374,2
375,4
376,8
377,8
378,4
379,2
380,4
381,9
382,0
383,8
384,2
385,0
386,4
387,4
388,2
389,6
390,8
391,0
392,2
393,6
394,6
395,4
396,3
397,6
398,0
399,3
400,8
401,6
402,3
403,8
404,8
405,4
406,0
407,6
408,8
409,2
410,8
411,9
412,2
413,2
414,1
415,9
416,6
417,1
418,3
419,4
420,4
421,4
422,8
423,6
424,2
425,8
426,5
427,4
428,2
429,6
430,2
431,5
432,4
433,4
434,4
435,4
436,3
437,4
438,2
439,4
440,4
441,4
442,9
443,8
444,3
445,4
446,8
447,0
448,2
449,0
450,6
451,8
452,2
453,4
454,8
455,2
456,4
457,4
458,3
459,8
460,5
461,4
462,1
463,4
464,2
465,6
466,7
467,2
468,5
469,4
470,3
471,4
472,8
473,2
474,3
475,5
476,2
477,0
478,2
479,4
480,8
481,4
482,8
483,2
484,5
485,8
486,9
487,5
488,8
489,0
490,0
491,7
492,8
493,1
494,8
495,8
496,1
497,2
498,2
499,0
500,4
501,2
502,3
503,4
504,0
505,2
506,3
507,4
508,3
509,4
510,5
511,4
512,6
513,0
514,3
515,6
516,8
517,8
518,7
519,8
520,3
521,0
522,0
523,7
524,0
525,3
526,2
527,0
528,8
529,4
530,0
531,8
532,2
533,0
534,6
535,4
536,4
537,2
538,8
539,0
540,0
541,0
542,6
543,4
544,5
545,0
546,1
547,2
548,4
549,5
550,2
551,2
552,8
553,4
554,8
555,8
556,2
557,4
558,2
559,2
560,8
561,4
562,4
563,4
564,4
565,3
566,9
567,2
568,0
569,4
570,6
571,7
572,0
573,2
574,6
575,4
576,8
577,8
578,2
579,8
580,4
581,8
582,4
583,4
584,0
585,8
586,6
587,0
588,8
589,8
590,6
591,8
592,2
593,4
594,8
595,4
596,2
597,2
598,5
599,2
600,2
601,2
602,8
603,2
604,1
605,6
606,3
607,3
608,6
609,9
610,3
611,0
612,8
613,8
614,4
615,3
616,7
617,4
618,0
619,1
620,4
621,0
622,0
623,2
624,4
625,8
626,9
627,4
628,4
629,3
630,8
631,0
632,6
633,0
634,4
635,6
636,0
637,6
638,8
639,2
640,2
641,6
642,8
643,4
644,4
645,1
646,5
647,2
648,4
649,2
650,3
651,4
652,3
653,4
654,9
655,0
656,1
657,3
658,2
659,6
660,0
661,4
662,7
663,6
664,2
665,8
666,2
667,0
668,8
669,6
670,2
671,5
672,3
673,6
674,4
675,0
676,4
677,6
678,5
679,5
680,4
681,6
682,7
683,8
684,9
685,2
686,4
687,2
688,6
689,2
690,4
691,2
692,2
693,7
694,8
695,4
696,8
697,4
698,7
699,2
700,2
701,0
702,3
703,2
704,2
705,2
706,8
707,2
708,8
709,8
710,2
711,8
712,8
713,2
714,2
715,4
716,2
717,4
718,4
719,8
720,7
721,8
722,8
723,8
724,8
725,0
726,4
727,4
728,2
729,6
730,4
731,0
732,2
733,2
734,8
735,4
736,0
737,0
738,1
739,7
740,4
741,2
742,2
743,7
744,3
745,4
746,4
747,6
748,2
749,3
750,0
751,0
752,9
753,6
754,4
755,4
756,6
757,8
758,0
759,6
760,2
761,2
762,0
763,8
764,0
765,2
766,8
767,8
768,5
769,8
770,6
771,2
772,5
773,4
774,2
775,4
776,2
777,2
778,2
779,6
780,8
781,3
782,4
783,0
784,4
785,8
786,3
787,0
788,2
789,8
790,0
791,6
792,8
793,3
794,2
795,4
796,4
797,3
798,5
799,0
800,7
801,0
802,0
803,4
804,4
805,4
806,8
807,2
808,2
809,2
810,3
811,5
812,4
813,4
814,8
815,1
816,2
817,4
818,4
819,6
820,6
821,2
822,4
823,8
824,4
825,2
826,7
827,4
828,6
829,3
830,8
831,4
832,2
833,6
834,4
835,4
836,8
837,4
838,4
839,2
840,7
841,4
842,4
843,2
844,6
845,3
846,5
847,8
848,4
849,4
850,5
851,4
852,8
853,8
854,2
855,7
856,8
857,8
858,2
859,0
860,4
861,4
862,4
863,0
864,0
865,8
866,3
867,5
868,0
869,4
870,6
871,8
872,4
873,0
874,5
875,0
876,4
877,2
878,8
879,7
880,8
881,4
882,8
883,0
884,0
885,0
886,8
887,2
888,8
889,4
890,4
891,4
892,5
893,3
894,1
895,1
896,3
897,2
898,2
899,5
900,6
901,6
902,4
903,5
904,8
905,0
906,9
907,3
908,8
909,4
910,4
911,3
912,3
913,2
914,6
915,8
916,4
917,8
918,8
919,2
920,2
921,0
922,4
923,6
924,2
925,3
926,8
927,2
928,2
929,8
930,4
931,2
932,6
933,2
934,7
935,0
936,2
937,4
938,4
939,3
940,4
941,3
942,7
943,4
944,0
945,5
946,0
947,6
948,4
949,4
950,2
951,8
952,4
953,8
954,4
955,7
956,0
957,4
958,4
959,8
960,4
961,2
962,6
963,4
964,6
965,2
966,6
967,9
968,2
969,8
970,8
971,4
972,2
973,6
974,2
975,0
976,2
977,8
978,2
979,4
980,2
981,8
982,6
983,4
984,4
985,8
986,3
987,8
988,0
989,0
990,4
991,4
992,8
993,6
994,5
995,4
996,8
997,0
998,4
999,8
1000,5
1001,4
1002,8
1003,4
1004,8
1005,2
1006,6
1007,0
1008,4
1009,4
1010,0
1011,8
1012,4
1013,1
1014,4
1015,4
1016,2
1017,4
1018,0
1019,0
1020,8
1021,4
1022,0
1023,0
1024,7
1025,5
1026,4
1027,4
1028,2
1029,4
1030,2
1031,0
1032,4
1033,2
1034,3
1035,2
1036,4
1037,4
1038,2
1039,4
1040,2
1041,2
1042,4
1043,0
1044,8
1045,3
1046,4
1047,1
1048,4
1049,3
1050,0
1051,2
1052,4
1053,5
1054,3
1055,8
1056,6
1057,8
1058,6
1059,0
1060,8
1061,0
1062,6
1063,6
1064,2
1065,8
1066,6
1067,0
1068,8
1069,4
1070,3
1071,4
1072,2
1073,7
1074,2
1075,8
1076,0
1077,0
1078,0
1079,6
1080,3
1081,3
1082,8
1083,3
1084,8
1085,4
1086,2
1087,6
1088,4
1089,4
1090,2
1091,0
1092,6
1093,2
1094,5
1095,2
1096,7
1097,6
1098,4
1099,2
1100,8
1101,8
1102,8
1103,0
1104,7
1105,2
1106,3
1107,2
1108,2
1109,8
1110,2
1111,8
1112,4
1113,8
1114,8
1115,4
1116,6
1117,3
1118,4
1119,4
1120,4
1121,2
1122,0
1123,4
1124,2
1125,6
1126,0
1127,8
1128,4
1129,2
1130,8
1131,8
1132,2
1133,4
1134,2
1135,6
1136,0
1137,4
1138,2
1139,8
1140,6
1141,1
1142,8
1143,6
1144,8
1145,2
1146,4
1147,3
1148,6
1149,2
1150,4
1151,4
1152,8
1153,8
1154,2
1155,6
1156,6
1157,4
1158,4
1159,8
1160,0
1161,0
1162,4
1163,2
1164,0
1165,0
1166,2
1167,2
1168,2
1169,7
1170,2
1171,9
1172,3
1173,6
1174,0
1175,9
1176,2
1177,2
1178,3
1179,3
1180,7
1181,6
1182,8
1183,0
1184,6
1185,8
1186,4
1187,2
1188,0
1189,2
1190,2
1191,2
1192,2
1193,2
1194,8
1195,6
1196,3
1197,0
1198,7
1199,4
1200,0
1201,5
1202,3
1203,0
1204,6
1205,0
1206,2
1207,8
1208,2
1209,6
1210,0
1211,2
1212,5
1213,8
1214,4
1215,5
1216,3
1217,5
1218,8
1219,5
1220,6
1221,8
1222,2
1223,0
1224,2
1225,4
1226,2
1227,0
1228,8
1229,4
1230,0
1231,4
1232,0
1233,0
1234,1
1235,4
1236,4
1237,0
1238,5
1239,2
1240,4
1241,8
1242,8
1243,8
1244,3
1245,6
1246,2
1247,4
1248,4
1249,4
1250,6
1251,5
1252,5
1253,2
1254,0
1255,0
1256,8
1257,4
1258,4
1259,8
1260,1
1261,8
1262,4
1263,8
1264,8
1265,8
1266,8
1267,4
1268,2
1269,5
1270,7
1271,8
1272,7
1273,4
1274,2
1275,2
1276,9
1277,2
1278,2
1279,5
1280,4
1281,8
1282,8
1283,4
1284,3
1285,4
1286,8
1287,8
1288,1
1289,8
1290,2
1291,8
1292,4
1293,4
1294,0
1295,0
1296,2
1297,0
1298,8
1299,8
1300,3
1301,2
1302,2
1303,2
1304,4
1305,8
1306,3
1307,0
1308,4
1309,2
1310,8
1311,8
1312,4
1313,8
1314,9
1315,8
1316,4
1317,9
1318,5
1319,0
1320,2
1321,2
1322,8
1323,8
1324,8
1325,4
1326,4
1327,6
1328,8
1329,4
1330,2
1331,5
1332,8
1333,0
1334,2
1335,1
1336,4
1337,4
1338,6
1339,3
1340,1
1341,4
1342,5
1343,8
1344,6
1345,2
1346,4
1347,8
1348,4
1349,8
1350,4
1351,2
1352,3
1353,2
1354,4
1355,6
1356,2
1357,8
1358,8
1359,4
1360,2
1361,3
1362,0
1363,8
1364,4
1365,0
1366,8
1367,4
1368,6
1369,8
1370,2
1371,8
1372,8
1373,3
1374,0
1375,4
1376,2
1377,3
1378,2
1379,4
1380,8
1381,2
1382,0
1383,2
1384,5
1385,5
1386,4
1387,8
1388,4
1389,2
1390,2
1391,8
1392,2
1393,0
1394,2
1395,4
1396,8
1397,0
1398,8
1399,0
1400,3
1401,2
1402,4
1403,4
1404,4
1405,2
1406,7
1407,8
1408,4
1409,0
1410,4
1411,2
1412,8
1413,9
1414,8
1415,6
1416,4
1417,9
1418,2
1419,8
1420,2
1421,4
1422,0
1423,2
1424,4
1425,4
1426,2
1427,4
1428,2
1429,3
1430,2
1431,4
1432,0
1433,7
1434,0
1435,1
1436,3
1437,8
1438,2
1439,8
1440,0
1441,2
1442,6
1443,4
1444,1
1445,4
1446,2
1447,8
1448,4
1449,6
1450,4
1451,4
1452,3
1453,4
1454,5
1455,6
1456,4
1457,8
1458,8
1459,8
1460,4
1461,0
1462,4
1463,4
1464,0
1465,0
1466,7
1467,2
1468,0
1469,2
1470,2
1471,8
1472,4
1473,7
1474,7
1475,9
1476,4
1477,0
1478,0
1479,0
1480,5
1481,2
1482,8
1483,4
1484,2
1485,8
1486,7
1487,6
1488,0
1489,4
1490,8
1491,6
1492,8
1493,4
1494,3
1495,2
1496,4
1497,8
1498,3
1499,8
1500,1
1501,4
1502,4
1503,0
1504,8
1505,4
1506,4
1507,9
1508,8
1509,4
1510,2
1511,1
1512,8
1513,4
1514,2
1515,2
1516,2
1517,4
1518,4
1519,6
1520,4
1521,4
1522,2
1523,4
1524,2
1525,8
1526,6
1527,8
1528,2
1529,6
1530,4
1531,6
1532,8
1533,6
1534,2
1535,2
1536,9
1537,4
1538,6
1539,2
1540,0
1541,4
1542,4
1543,4
1544,2
1545,2
1546,4
1547,0
1548,5
1549,4
1550,6
1551,2
1552,6
1553,2
1554,4
1555,0
1556,8
1557,8
1558,4
1559,5
1560,7
1561,5
1562,2
1563,0
1564,2
1565,4
1566,8
1567,2
1568,8
1569,0
1570,4
1571,3
1572,2
1573,8
1574,8
1575,2
1576,4
1577,2
1578,2
1579,0
1580,4
1581,6
1582,8
1583,3
1584,4
1585,7
1586,2
1587,0
1588,4
1589,6
1590,0
1591,1
1592,2
1593,6
1594,2
1595,6
1596,1
1597,2
1598,4
1599,5
1600,8
1601,4
1602,8
1603,6
1604,1
1605,2
1606,2
1607,6
1608,4
1609,2
1610,2
1611,2
1612,4
1613,2
1614,0
1615,5
1616,0
1617,0
1618,2
1619,4
1620,8
1621,8
1622,2
1623,4
1624,4
1625,2
1626,0
1627,9
1628,6
1629,0
1630,0
1631,0
1632,0
1633,8
1634,6
1635,4
1636,2
1637,0
1638,2
1639,8
1640,5
1641,4
1642,4
1643,8
1644,2
1645,4
1646,0
1647,5
1648,8
1649,4
1650,5
1651,0
1652,0
1653,8
1654,6
1655,0
1656,2
1657,0
1658,4
1659,8
1660,3
1661,2
1662,8
1663,4
1664,0
1665,4
1666,2
1667,2
1668,2
1669,4
1670,4
1671,3
1672,4
1673,6
1674,4
1675,2
1676,8
1677,6
1678,2
1679,2
1680,6
1681,4
1682,7
1683,0
1684,6
1685,4
1686,4
1687,0
1688,4
1689,7
1690,2
1691,8
1692,9
1693,8
1694,0
1695,0
1696,8
1697,3
1698,2
1699,4
1700,2
1701,2
1702,8
1703,5
1704,1
1705,2
1706,1
1707,8
1708,3
1709,2
1710,4
1711,7
1712,0
1713,9
1714,0
1715,4
1716,2
1717,2
1718,8
1719,8
1720,2
1721,8
1722,6
1723,4
1724,2
1725,0
1726,0
1727,4
1728,0
1729,8
1730,8
1731,2
1732,4
1733,3
1734,5
1735,2
1736,6
1737,4
1738,2
1739,4
1740,0
1741,2
1742,8
1743,1
1744,8
1745,2
1746,2
1747,1
1748,0
1749,4
1750,0
1751,6
1752,2
1753,4
1754,7
1755,7
1756,4
1757,4
1758,2
1759,0
1760,8
1761,8
1762,4
1763,8
1764,4
1765,4
1766,4
1767,2
1768,2
1769,8
1770,4
1771,2
1772,0
1773,3
1774,4
1775,2
1776,0
1777,4
1778,8
1779,3
1780,0
1781,6
1782,2
1783,8
1784,8
1785,0
1786,0
1787,0
1788,4
1789,8
1790,5
1791,4
1792,8
1793,2
1794,2
1795,4
1796,8
1797,0
1798,2
1799,8
1800,8
1801,4
1802,4
1803,6
1804,4
1805,8
1806,1
1807,8
1808,1
1809,8
1810,8
1811,4
1812,4
1813,6
1814,0
1815,6
1816,4
1817,6
1818,0
1819,0
1820,8
1821,0
1822,8
1823,0
1824,0
1825,2
1826,8
1827,4
1828,8
1829,0
1830,4
1831,8
1832,8
1833,8
1834,8
1835,6
1836,2
1837,4
1838,4
1839,7
1840,4
1841,8
1842,4
1843,8
1844,8
1845,2
1846,6
1847,2
1848,5
1849,2
1850,4
1851,0
1852,8
1853,1
1854,5
1855,3
1856,8
1857,5
1858,6
1859,6
1860,8
1861,6
1862,4
1863,4
1864,7
1865,4
1866,8
1867,2
1868,4
1869,8
1870,6
1871,3
1872,8
1873,4
1874,8
1875,0
1876,3
1877,3
1878,4
1879,4
1880,4
1881,8
1882,0
1883,3
1884,4
1885,4
1886,8
1887,4
1888,2
1889,8
1890,2
1891,8
1892,2
1893,9
1894,4
1895,0
1896,0
1897,8
1898,2
1899,2
1900,8
1901,3
1902,0
1903,0
1904,1
1905,2
1906,2
1907,6
1908,4
1909,0
1910,4
1911,4
1912,0
1913,9
1914,2
1915,8
1916,3
1917,0
1918,4
1919,2
1920,2
1921,0
1922,2
1923,8
1924,3
1925,0
1926,8
1927,4
1928,4
1929,5
1930,0
1931,6
1932,4
1933,2
1934,8
1935,2
1936,7
1937,3
1938,8
1939,2
1940,2
1941,2
1942,2
1943,8
1944,0
1945,5
1946,8
1947,3
1948,5
1949,0
1950,2
1951,2
1952,4
1953,4
1954,8
1955,8
1956,7
1957,4
1958,2
1959,0
1960,2
1961,4
1962,2
1963,8
1964,5
1965,0
1966,4
1967,4
1968,8
1969,6
1970,4
1971,4
1972,6
1973,0
1974,5
1975,4
1976,5
1977,2
1978,6
1979,2
1980,4
1981,0
1982,2
1983,2
1984,6
1985,2
1986,4
1987,8
1988,5
1989,6
1990,7
1991,2
1992,6
1993,3
1994,4
1995,2
1996,6
1997,0
1998,2
1999,2
2000,4
2001,4
2002,4
2003,2
2004,7
2005,4
2006,4
2007,8
2008,8
2009,8
2010,3
2011,2
2012,5
2013,2
2014,8
2015,4
2016,4
2017,6
2018,2
2019,9
2020,9
2021,8
2022,3
2023,3
2024,3
2025,2
2026,4
2027,2
2028,2
2029,4
2030,2
2031,1
2032,0
2033,4
2034,4
2035,2
2036,3
2037,2
2038,0
2039,5
2040,8
2041,0
2042,8
2043,0
2044,6
2045,6
2046,3
2047,6
2048,8
2049,2
2050,8
2051,2
2052,8
2053,4
2054,5
2055,4
2056,5
2057,5
2058,8
2059,3
2060,3
2061,2
2062,2
2063,8
2064,8
2065,5
2066,4
2067,4
2068,3
2069,4
2070,2
2071,4
2072,3
2073,0
2074,2
2075,2
2076,4
2077,8
2078,4
2079,0
2080,2
2081,4
2082,0
2083,3
2084,7
2085,2
2086,1
2087,0
2088,4
2089,0
2090,2
2091,4
2092,7
2093,6
2094,4
2095,2
2096,4
2097,2
2098,5
2099,8
2100,4
2101,4
2102,8
2103,4
2104,5
2105,2
2106,5
2107,2
2108,6
2109,8
2110,2
2111,0
2112,8
2113,8
2114,2
2115,2
2116,9
2117,8
2118,8
2119,5
2120,8
2121,2
2122,0
2123,2
2124,0
2125,4
2126,1
2127,4
2128,4
2129,0
2130,0
2131,4
2132,2
2133,6
2134,0
2135,8
2136,2
2137,4
2138,3
2139,8
2140,9
2141,4
2142,2
2143,8
2144,2
2145,4
2146,2
2147,4
2148,6
2149,4
2150,8
2151,2
2152,8
2153,8
2154,2
2155,8
2156,8
2157,2
2158,9
2159,8
2160,8
2161,2
2162,5
2163,5
2164,8
2165,0
2166,2
2167,4
2168,3
2169,2
2170,4
2171,2
2172,2
2173,0
2174,0
2175,5
2176,8
2177,4
2178,8
2179,1
2180,4
2181,3
2182,2
2183,2
2184,8
2185,2
2186,6
2187,2
2188,8
2189,2
2190,8
2191,4
2192,4
2193,2
2194,8
2195,2
2196,8
2197,2
2198,0
2199,2
2200,0
2201,5
2202,5
2203,6
2204,4
2205,4
2206,0
2207,3
2208,2
2209,4
2210,2
2211,0
2212,2
2213,4
2214,2
2215,2
2216,3
2217,8
2218,4
2219,4
2220,4
2221,2
2222,6
2223,8
2224,4
2225,7
2226,2
2227,4
2228,5
2229,4
2230,3
2231,6
2232,2
2233,2
2234,7
2235,4
2236,5
2237,6
2238,4
2239,7
2240,3
2241,0
2242,2
2243,4
2244,8
2245,0
2246,2
2247,4
2248,2
2249,0
2250,8
2251,2
2252,3
2253,2
2254,8
2255,5
2256,4
2257,0
2258,4
2259,3
2260,2
2261,2
2262,4
2263,4
2264,6
2265,8
2266,0
2267,6
2268,6
2269,6
2270,0
2271,8
2272,4
2273,2
2274,1
2275,2
2276,0
2277,5
2278,0
2279,0
2280,0
2281,5
2282,0
2283,2
2284,8
2285,2
2286,6
2287,2
2288,2
2289,4
2290,4
2291,4
2292,6
2293,2
2294,2
2295,8
2296,4
2297,7
2298,0
2299,2
2300,4
2301,2
2302,2
2303,2
2304,6
2305,2
2306,2
2307,3
2308,5
2309,2
2310,6
2311,4
2312,4
2313,4
2314,0
2315,2
2316,2
2317,4
2318,2
2319,0
2320,8
2321,8
2322,0
2323,6
2324,8
2325,0
2326,4
2327,2
2328,6
2329,4
2330,8
2331,5
2332,2
2333,6
2334,4
2335,4
2336,0
2337,5
2338,6
2339,2
2340,7
2341,0
2342,2
2343,4
2344,8
2345,1
2346,0
2347,8
2348,0
2349,5
2350,4
2351,4
2352,6
2353,4
2354,8
2355,0
2356,8
2357,8
2358,3
2359,4
2360,8
2361,8
2362,3
2363,4
2364,4
2365,4
2366,4
2367,4
2368,2
2369,1
2370,8
2371,8
2372,3
2373,0
2374,8
2375,8
2376,0
2377,4
2378,4
2379,0
2380,0
2381,3
2382,1
2383,0
2384,2
2385,8
2386,2
2387,4
2388,0
2389,4
2390,4
2391,2
2392,5
2393,1
2394,2
2395,8
2396,6
2397,5
2398,8
2399,8
2400,0
2401,3
2402,8
2403,4
2404,4
2405,6
2406,4
2407,8
2408,2
2409,4
2410,3
2411,2
2412,8
2413,2
2414,2
2415,4
2416,2
2417,3
2418,8
2419,2
2420,3
2421,8
2422,0
2423,4
2424,8
2425,8
2426,0
2427,4
2428,6
2429,8
2430,4
2431,8
2432,0
2433,0
2434,8
2435,2
2436,4
2437,0
2438,8
2439,4
2440,5
2441,2
2442,2
2443,8
2444,3
2445,4
2446,6
2447,4
2448,4
2449,4
2450,0
2451,8
2452,2
2453,4
2454,8
2455,2
2456,0
2457,6
2458,8
2459,5
2460,0
2461,0
2462,5
2463,0
2464,3
2465,9
2466,3
2467,8
2468,0
2469,8
2470,7
2471,8
2472,4
2473,0
2474,6
2475,6
2476,8
2477,2
2478,6
2479,2
2480,8
2481,2
2482,6
2483,2
2484,5
2485,4
2486,2
2487,3
2488,4
2489,2
2490,0
2491,8
2492,8
2493,8
2494,2
2495,4
2496,4
2497,8
2498,0
2499,2
2500,2
2501,4
2502,8
2503,8
2504,4
2505,4
2506,2
2507,2
2508,4
2509,2
2510,4
2511,2
2512,2
2513,2
2514,3
2515,6
2516,2
2517,2
2518,8
2519,2
2520,8
2521,0
2522,8
2523,4
2524,8
2525,8
2526,4
2527,8
2528,3
2529,6
2530,6
2531,2
2532,8
2533,3
2534,8
2535,4
2536,5
2537,1
2538,8
2539,4
2540,4
2541,8
2542,8
2543,0
2544,2
2545,4
2546,8
2547,4
2548,2
2549,4
2550,4
2551,6
2552,8
2553,8
2554,4
2555,9
2556,2
2557,4
2558,4
2559,2
2560,0
2561,6
2562,4
2563,0
2564,2
2565,3
2566,6
2567,2
2568,2
2569,0
2570,0
2571,4
2572,2
2573,4
2574,8
2575,4
2576,2
2577,4
2578,3
2579,4
2580,4
2581,4
2582,2
2583,3
2584,2
2585,4
2586,5
2587,8
2588,4
2589,2
2590,2
2591,8
2592,0
2593,8
2594,0
2595,4
2596,6
2597,3
2598,2
2599,0
2600,8
2601,2
2602,2
2603,4
2604,8
2605,4
2606,6
2607,8
2608,2
2609,2
2610,2
2611,2
2612,3
2613,2
2614,2
2615,4
2616,8
2617,0
2618,6
2619,3
2620,4
2621,8
2622,2
2623,3
2624,3
2625,2
2626,8
2627,4
2628,8
2629,2
2630,2
2631,4
2632,6
2633,6
2634,6
2635,4
2636,8
2637,4
2638,4
2639,2
2640,2
2641,4
2642,4
2643,4
2644,8
2645,1
2646,8
2647,1
2648,2
2649,4
2650,9
2651,8
2652,2
2653,0
2654,4
2655,0
2656,9
2657,4
2658,0
2659,2
2660,2
2661,2
2662,2
2663,7
2664,4
2665,1
2666,6
2667,8
2668,8
2669,4
2670,8
2671,8
2672,0
2673,2
2674,0
2675,2
2676,2
2677,8
2678,3
2679,0
2680,0
2681,8
2682,3
2683,2
2684,3
2685,4
2686,4
2687,8
2688,2
2689,4
2690,4
2691,2
2692,8
2693,6
2694,4
2695,2
2696,0
2697,8
2698,2
2699,4
2700,8
2701,8
2702,2
2703,0
2704,8
2705,0
2706,3
2707,6
2708,2
2709,4
2710,4
2711,0
2712,8
2713,8
2714,8
2715,0
2716,6
2717,2
2718,4
2719,2
2720,2
2721,4
2722,4
2723,8
2724,0
2725,8
2726,2
2727,8
2728,2
2729,0
2730,4
2731,5
2732,7
2733,6
2734,7
2735,2
2736,1
2737,8
2738,3
2739,2
2740,1
2741,4
2742,2
2743,4
2744,3
2745,8
2746,6
2747,3
2748,1
2749,8
2750,2
2751,4
2752,4
2753,4
2754,6
2755,5
2756,3
2757,6
2758,9
2759,6
2760,4
2761,8
2762,2
2763,4
2764,8
2765,0
2766,4
2767,2
2768,4
2769,8
2770,8
2771,4
2772,2
2773,4
2774,2
2775,3
2776,0
2777,5
2778,4
2779,3
2780,6
2781,8
2782,4
2783,8
2784,0
2785,2
2786,4
2787,2
2788,4
2789,8
2790,8
2791,7
2792,0
2793,3
2794,0
2795,3
2796,0
2797,4
2798,2
2799,8
2800,3
2801,3
2802,4
2803,5
2804,0
2805,2
2806,2
2807,0
2808,4
2809,5
2810,1
2811,2
2812,0
2813,0
2814,4
2815,7
2816,0
2817,4
2818,5
2819,2
2820,6
2821,8
2822,5
2823,6
2824,4
2825,4
2826,4
2827,2
2828,2
2829,6
2830,4
2831,3
2832,2
2833,8
2834,4
2835,8
2836,8
2837,8
2838,0
2839,2
2840,3
2841,2
2842,2
2843,4
2844,3
2845,2
2846,4
2847,4
2848,8
2849,4
2850,5
2851,2
2852,2
2853,8
2854,2
2855,2
2856,6
2857,8
2858,4
2859,4
2860,2
2861,2
2862,2
2863,4
2864,5
2865,6
2866,3
2867,4
2868,8
2869,2
2870,8
2871,3
2872,2
2873,9
2874,8
2875,0
2876,8
2877,8
2878,2
2879,6
2880,4
2881,4
2882,4
2883,2
2884,6
2885,3
2886,3
2887,8
2888,5
2889,6
2890,2
2891,4
2892,0
2893,8
2894,3
2895,5
2896,8
2897,3
2898,4
2899,2
2900,2
2901,8
2902,0
2903,2
2904,8
2905,0
2906,2
2907,0
2908,4
2909,0
2910,2
2911,1
2912,3
2913,8
2914,4
2915,4
2916,0
2917,4
2918,4
2919,8
2920,8
2921,8
2922,4
2923,3
2924,4
2925,4
2926,8
2927,0
2928,0
2929,1
2930,3
2931,3
2932,2
2933,4
2934,3
2935,8
2936,0
2937,4
2938,2
2939,2
2940,7
2941,3
2942,2
2943,8
2944,2
2945,3
2946,8
2947,2
2948,0
2949,4
2950,8
2951,0
2952,4
2953,8
2954,2
2955,6
2956,8
2957,2
2958,8
2959,8
2960,8
2961,2
2962,8
2963,8
2964,0
2965,3
2966,0
2967,4
2968,0
2969,2
2970,2
2971,4
2972,8
2973,8
2974,3
2975,4
2976,0
2977,8
2978,2
2979,0
2980,8
2981,6
2982,4
2983,5
2984,6
2985,2
2986,8
2987,3
2988,4
2989,5
2990,2
2991,6
2992,0
2993,0
2994,8
2995,4
2996,8
2997,5
2998,5
2999,4
3000,5
3001,4
3002,2
3003,8
3004,4
3005,8
3006,4
3007,4
3008,8
3009,4
3010,2
3011,4
3012,5
3013,2
3014,5
3015,2
3016,2
3017,5
3018,2
3019,7
3020,5
3021,8
3022,4
3023,8
3024,0
3025,4
3026,2
3027,4
3028,6
3029,4
3030,4
3031,2
3032,2
3033,2
3034,2
3035,4
3036,9
3037,8
3038,2
3039,3
3040,7
3041,4
3042,8
3043,6
3044,2
3045,4
3046,8
3047,5
3048,0
3049,6
3050,0
3051,8
3052,2
3053,2
3054,0
3055,4
3056,4
3057,2
3058,6
3059,9
3060,3
3061,8
3062,8
3063,0
3064,8
3065,4
3066,0
3067,0
3068,0
3069,2
3070,0
3071,3
3072,5
3073,5
3074,1
3075,2
3076,2
3077,4
3078,8
3079,8
3080,2
3081,0
3082,4
3083,4
3084,4
3085,2
3086,9
3087,8
3088,2
3089,8
3090,4
3091,2
3092,3
3093,7
3094,0
3095,4
3096,7
3097,4
3098,4
3099,0
3100,0
3101,2
3102,0
3103,8
3104,7
3105,4
3106,8
3107,3
3108,2
3109,8
3110,4
3111,0
3112,0
3113,4
3114,8
3115,2
3116,4
3117,0
3118,2
3119,3
3120,4
3121,4
3122,8
3123,8
3124,2
3125,3
3126,8
3127,2
3128,1
3129,6
3130,3
3131,2
3132,8
3133,4
3134,7
3135,4
3136,4
3137,8
3138,8
3139,8
3140,8
3141,1
3142,4
3143,3
3144,0
3145,0
3146,4
3147,4
3148,0
3149,1
3150,8
3151,8
3152,8
3153,3
3154,8
3155,8
3156,9
3157,0
3158,8
3159,2
3160,4
3161,0
3162,4
3163,2
3164,2
3165,2
3166,6
3167,0
3168,8
3169,9
3170,6
3171,4
3172,0
3173,2
3174,6
3175,4
3176,7
3177,0
3178,0
3179,3
3180,8
3181,9
3182,0
3183,4
3184,0
3185,5
3186,8
3187,7
3188,2
3189,8
3190,6
3191,2
3192,2
3193,0
3194,3
3195,2
3196,4
3197,4
3198,6
3199,2
3200,2
3201,6
3202,3
3203,4
3204,5
3205,8
3206,0
3207,4
3208,4
3209,0
3210,8
3211,0
3212,2
3213,8
3214,6
3215,1
3216,5
3217,7
3218,2
3219,4
3220,6
3221,6
3222,8
3223,7
3224,4
3225,2
3226,0
3227,2
3228,4
3229,4
3230,2
3231,8
3232,0
3233,4
3234,4
3235,4
3236,6
3237,7
3238,2
3239,7
3240,2
3241,7
3242,4
3243,8
3244,4
3245,4
3246,4
3247,3
3248,0
3249,4
3250,4
3251,4
3252,4
3253,8
3254,5
3255,4
3256,4
3257,6
3258,3
3259,8
3260,8
3261,0
3262,2
3263,4
3264,0
3265,8
3266,0
3267,3
3268,8
3269,7
3270,8
3271,6
3272,0
3273,8
3274,8
3275,4
3276,4
3277,6
3278,0
3279,8
3280,0
3281,2
3282,2
3283,2
3284,4
3285,8
3286,4
3287,6
3288,0
3289,8
3290,5
3291,5
3292,4
3293,1
3294,0
3295,4
3296,4
3297,4
3298,3
3299,5
3300,2
3301,8
3302,8
3303,0
3304,4
3305,9
3306,4
3307,9
3308,8
3309,4
3310,4
3311,2
3312,4
3313,2
3314,6
3315,2
3316,4
3317,2
3318,8
3319,3
3320,6
3321,6
3322,2
3323,5
3324,4
3325,4
3326,2
3327,6
3328,2
3329,0
3330,8
3331,8
3332,7
3333,4
3334,4
3335,8
3336,8
3337,7
3338,8
3339,3
3340,2
3341,1
3342,0
3343,5
3344,8
3345,7
3346,0
3347,0
3348,1
3349,2
3350,8
3351,8
3352,4
3353,2
3354,0
3355,8
3356,4
3357,4
3358,6
3359,0
3360,6
3361,4
3362,1
3363,2
3364,4
3365,9
3366,8
3367,9
3368,9
3369,6
3370,4
3371,2
3372,1
3373,2
3374,6
3375,4
3376,2
3377,5
3378,4
3379,4
3380,8
3381,3
3382,4
3383,8
3384,2
3385,0
3386,2
3387,3
3388,5
3389,4
3390,4
3391,3
3392,2
3393,0
3394,4
3395,8
3396,0
3397,4
3398,0
3399,0
3400,4
3401,2
3402,4
3403,8
3404,5
3405,7
3406,2
3407,4
3408,4
3409,9
3410,4
3411,0
3412,4
3413,5
3414,4
3415,2
3416,0
3417,6
3418,4
3419,2
3420,4
3421,4
3422,4
3423,8
3424,3
3425,0
3426,2
3427,3
3428,5
3429,0
3430,8
3431,4
3432,8
3433,2
3434,4
3435,6
3436,4
3437,2
3438,2
3439,6
3440,2
3441,0
3442,3
3443,4
3444,0
3445,0
3446,2
3447,4
3448,2
3449,8
3450,2
3451,5
3452,2
3453,4
3454,2
3455,6
3456,4
3457,8
3458,3
3459,8
3460,4
3461,3
3462,8
3463,4
3464,9
3465,4
3466,8
3467,8
3468,4
3469,8
3470,8
3471,1
3472,2
3473,4
3474,2
3475,0
3476,8
3477,4
3478,2
3479,4
3480,2
3481,8
3482,8
3483,0
3484,4
3485,8
3486,4
3487,5
3488,1
3489,8
3490,8
3491,5
3492,2
3493,8
3494,2
3495,3
3496,4
3497,8
3498,4
3499,0
3500,0
3501,8
3502,2
3503,0
3504,2
3505,4
3506,2
3507,4
3508,3
3509,8
3510,4
3511,8
3512,4
3513,4
3514,2
3515,8
3516,8
3517,2
3518,5
3519,2
3520,1
3521,8
3522,4
3523,2
3524,2
3525,2
3526,4
3527,4
3528,2
3529,2
3530,6
3531,0
3532,3
3533,4
3534,0
3535,2
3536,0
3537,8
3538,4
3539,4
3540,4
3541,2
3542,1
3543,2
3544,2
3545,4
3546,0
3547,8
3548,0
3549,4
3550,2
3551,0
3552,8
3553,1
3554,4
3555,4
3556,4
3557,4
3558,5
3559,4
3560,0
3561,5
3562,0
3563,2
3564,1
3565,1
3566,2
3567,2
3568,0
3569,8
3570,5
3571,4
3572,4
3573,6
3574,4
3575,2
3576,4
3577,8
3578,2
3579,8
3580,2
3581,2
3582,6
3583,1
3584,4
3585,8
3586,8
3587,8
3588,6
3589,2
3590,6
3591,4
3592,6
3593,2
3594,3
3595,2
3596,4
3597,6
3598,2
3599,6
3600,3
3601,3
3602,1
3603,2
3604,0
3605,2
3606,0
3607,2
3608,4
3609,8
3610,3
3611,8
3612,1
3613,2
3614,3
3615,2
3616,4
3617,3
3618,0
3619,8
3620,2
3621,0
3622,4
3623,5
3624,4
3625,8
3626,8
3627,6
3628,3
3629,3
3630,8
3631,4
3632,0
3633,3
3634,3
3635,4
3636,2
3637,2
3638,8
3639,2
3640,2
3641,0
3642,4
3643,8
3644,9
3645,0
3646,8
3647,1
3648,4
3649,2
3650,0
3651,0
3652,2
3653,8
3654,2
3655,9
3656,0
3657,4
3658,7
3659,2
3660,8
3661,4
3662,4
3663,1
3664,6
3665,4
3666,6
3667,3
3668,6
3669,5
3670,0
3671,4
3672,0
3673,8
3674,4
3675,4
3676,4
3677,3
3678,1
3679,8
3680,2
3681,2
3682,4
3683,3
3684,8
3685,2
3686,8
3687,0
3688,3
3689,7
3690,4
3691,8
3692,2
3693,8
3694,8
3695,5
3696,4
3697,4
3698,8
3699,8
3700,4
3701,1
3702,8
3703,6
3704,0
3705,8
3706,4
3707,4
3708,2
3709,5
3710,4
3711,4
3712,0
3713,2
3714,5
3715,4
3716,4
3717,4
3718,8
3719,2
3720,2
3721,4
3722,7
3723,1
3724,2
3725,4
3726,4
3727,8
3728,2
3729,8
3730,3
3731,8
3732,2
3733,8
3734,2
3735,8
3736,2
3737,4
3738,9
3739,2
3740,0
3741,2
3742,8
3743,4
3744,4
3745,1
3746,3
3747,8
3748,4
3749,8
3750,8
3751,8
3752,2
3753,2
3754,0
3755,4
3756,8
3757,0
3758,2
3759,2
3760,4
3761,8
3762,8
3763,8
3764,3
3765,0
3766,2
3767,4
3768,2
3769,0
3770,1
3771,0
3772,0
3773,2
3774,2
3775,6
3776,9
3777,4
3778,0
3779,4
3780,2
3781,2
3782,0
3783,2
3784,5
3785,2
3786,2
3787,5
3788,4
3789,4
3790,2
3791,4
3792,0
3793,3
3794,1
3795,4
3796,5
3797,2
3798,3
3799,0
3800,8
3801,0
3802,8
3803,8
3804,2
3805,2
3806,0
3807,8
3808,4
3809,4
3810,2
3811,7
3812,8
3813,8
3814,6
3815,4
3816,4
3817,4
3818,0
3819,6
3820,0
3821,8
3822,2
3823,0
3824,4
3825,0
3826,4
3827,4
3828,1
3829,8
3830,5
3831,2
3832,2
3833,8
3834,2
3835,5
3836,7
3837,2
3838,2
3839,5
3840,3
3841,9
3842,8
3843,4
3844,2
3845,0
3846,3
3847,8
3848,8
3849,2
3850,6
3851,2
3852,2
3853,4
3854,8
3855,2
3856,2
3857,8
3858,8
3859,3
3860,7
3861,4
3862,4
3863,0
3864,0
3865,2
3866,0
3867,5
3868,2
3869,0
3870,2
3871,8
3872,3
3873,9
3874,2
3875,6
3876,7
3877,4
3878,5
3879,0
3880,4
3881,4
3882,4
3883,2
3884,6
3885,4
3886,8
3887,2
3888,8
3889,4
3890,7
3891,6
3892,4
3893,9
3894,2
3895,5
3896,2
3897,0
3898,0
3899,4
3900,0
3901,8
3902,0
3903,0
3904,2
3905,2
3906,2
3907,7
3908,2
3909,2
3910,2
3911,8
3912,8
3913,4
3914,4
3915,4
3916,8
3917,0
3918,6
3919,7
3920,0
3921,8
3922,8
3923,4
3924,6
3925,6
3926,8
3927,0
3928,4
3929,3
3930,4
3931,5
3932,8
3933,2
3934,2
3935,7
3936,6
3937,8
3938,3
3939,8
3940,4
3941,4
3942,2
3943,8
3944,2
3945,2
3946,8
3947,4
3948,8
3949,2
3950,8
3951,0
3952,2
3953,4
3954,5
3955,8
3956,6
3957,0
3958,8
3959,4
3960,4
3961,8
3962,4
3963,5
3964,8
3965,0
3966,4
3967,4
3968,8
3969,4
3970,4
3971,8
3972,4
3973,4
3974,8
3975,4
3976,2
3977,4
3978,4
3979,2
3980,4
3981,3
3982,9
3983,2
3984,6
3985,3
3986,2
3987,8
3988,4
3989,6
3990,2
3991,4
3992,8
3993,2
3994,8
3995,6
3996,4
3997,4
3998,6
3999,8
4000,2
4001,4
4002,8
4003,0
4004,2
4005,6
4006,8
4007,6
4008,8
4009,4
4010,4
4011,5
4012,4
4013,4
4014,8
4015,6
4016,3
4017,4
4018,4
4019,0
4020,8
4021,3
4022,4
4023,0
4024,8
4025,5
4026,8
4027,4
4028,8
4029,2
4030,8
4031,4
4032,3
4033,4
4034,4
4035,5
4036,0
4037,0
4038,8
4039,8
4040,8
4041,4
4042,8
4043,6
4044,2
4045,2
4046,7
4047,6
4048,4
4049,4
4050,2
4051,0
4052,4
4053,4
4054,8
4055,0
4056,0
4057,4
4058,2
4059,1
4060,4
4061,5
4062,8
4063,0
4064,0
4065,4
4066,4
4067,9
4068,4
4069,2
4070,9
4071,6
4072,5
4073,2
4074,2
4075,2
4076,4
4077,5
4078,6
4079,8
4080,8
4081,4
4082,3
4083,4
4084,8
4085,8
4086,8
4087,8
4088,7
4089,2
4090,2
4091,8
4092,4
4093,2
4094,3
4095,4
4096,0
4097,2
4098,8
4099,2
4100,7
4101,2
4102,4
4103,8
4104,0
4105,0
4106,8
4107,6
4108,4
4109,3
4110,2
4111,4
4112,5
4113,0
4114,4
4115,8
4116,4
4117,2
4118,0
4119,6
4120,2
4121,4
4122,2
4123,0
4124,8
4125,8
4126,3
4127,0
4128,1
4129,4
4130,6
4131,4
4132,4
4133,2
4134,4
4135,0
4136,2
4137,2
4138,4
4139,3
4140,5
4141,0
4142,8
4143,3
4144,8
4145,8
4146,2
4147,4
4148,3
4149,9
4150,6
4151,2
4152,8
4153,0
4154,7
4155,2
4156,8
4157,2
4158,4
4159,4
4160,4
4161,4
4162,0
4163,2
4164,4
4165,8
4166,4
4167,4
4168,8
4169,3
4170,3
4171,0
4172,4
4173,2
4174,2
4175,6
4176,5
4177,6
4178,7
4179,4
4180,8
4181,2
4182,3
4183,2
4184,4
4185,2
4186,4
4187,0
4188,4
4189,8
4190,4
4191,8
4192,8
4193,0
4194,0
4195,6
4196,8
4197,6
4198,0
4199,8
4200,4
4201,0
4202,0
4203,2
4204,2
4205,4
4206,8
4207,1
4208,2
4209,2
4210,3
4211,4
4212,1
4213,4
4214,7
4215,1
4216,0
4217,4
4218,9
4219,0
4220,0
4221,2
4222,8
4223,8
4224,4
4225,3
4226,8
4227,2
4228,8
4229,8
4230,6
4231,4
4232,3
4233,3
4234,2
4235,3
4236,1
4237,4
4238,4
4239,2
4240,4
4241,5
4242,8
4243,6
4244,0
4245,4
4246,5
4247,2
4248,3
4249,4
4250,4
4251,4
4252,3
4253,8
4254,0
4255,2
4256,8
4257,6
4258,8
4259,4
4260,8
4261,8
4262,4
4263,6
4264,4
4265,2
4266,4
4267,0
4268,4
4269,2
4270,0
4271,8
4272,4
4273,3
4274,1
4275,5
4276,8
4277,2
4278,4
4279,3
4280,8
4281,4
4282,6
4283,2
4284,4
4285,4
4286,0
4287,2
4288,2
4289,8
4290,2
4291,5
4292,4
4293,2
4294,4
4295,0
4296,4
4297,6
4298,2
4299,0
4300,8
4301,4
4302,3
4303,4
4304,2
4305,0
4306,2
4307,2
4308,0
4309,2
4310,4
4311,7
4312,8
4313,4
4314,8
4315,8
4316,8
4317,8
4318,0
4319,2
4320,8
4321,8
4322,4
4323,5
4324,8
4325,2
4326,2
4327,1
4328,0
4329,2
4330,0
4331,4
4332,0
4333,4
4334,7
4335,8
4336,1
4337,0
4338,8
4339,7
4340,0
4341,4
4342,8
4343,3
4344,4
4345,2
4346,3
4347,8
4348,8
4349,0
4350,4
4351,8
4352,5
4353,2
4354,1
4355,3
4356,0
4357,2
4358,3
4359,0
4360,4
4361,8
4362,4
4363,8
4364,0
4365,8
4366,2
4367,0
4368,4
4369,6
4370,5
4371,0
4372,8
4373,0
4374,8
4375,0
4376,4
4377,2
4378,0
4379,4
4380,2
4381,2
4382,7
4383,4
4384,2
4385,0
4386,4
4387,0
4388,2
4389,8
4390,5
4391,8
4392,4
4393,3
4394,5
4395,7
4396,8
4397,8
4398,4
4399,4
4400,4
4401,8
4402,4
4403,4
4404,2
4405,6
4406,5
4407,5
4408,4
4409,8
4410,2
4411,3
4412,2
4413,4
4414,2
4415,0
4416,2
4417,6
4418,0
4419,0
4420,8
4421,5
4422,2
4423,4
4424,1
4425,8
4426,0
4427,4
4428,8
4429,4
4430,1
4431,0
4432,2
4433,8
4434,0
4435,4
4436,2
4437,8
4438,2
4439,3
4440,2
4441,2
4442,2
4443,4
4444,8
4445,1
4446,8
4447,3
4448,2
4449,6
4450,8
4451,2
4452,2
4453,0
4454,6
4455,8
4456,2
4457,3
4458,4
4459,8
4460,8
4461,8
4462,3
4463,3
4464,4
4465,2
4466,8
4467,2
4468,8
4469,4
4470,8
4471,6
4472,6
4473,4
4474,2
4475,0
4476,4
4477,2
4478,2
4479,4
4480,3
4481,8
4482,6
4483,3
4484,4
4485,4
4486,8
4487,4
4488,4
4489,4
4490,0
4491,2
4492,8
4493,4
4494,8
4495,2
4496,0
4497,8
4498,8
4499,6
4500,4
4501,4
4502,7
4503,2
4504,0
4505,4
4506,8
4507,2
4508,8
4509,4
4510,2
4511,2
4512,0
4513,4
4514,9
4515,0
4516,8
4517,8
4518,0
4519,8
4520,2
4521,7
4522,2
4523,4
4524,0
4525,2
4526,3
4527,6
4528,6
4529,4
4530,5
4531,4
4532,2
4533,8
4534,2
4535,4
4536,9
4537,4
4538,7
4539,0
4540,0
4541,2
4542,4
4543,4
4544,2
4545,2
4546,0
4547,4
4548,0
4549,8
4550,3
4551,2
4552,3
4553,6
4554,4
4555,5
4556,8
4557,8
4558,0
4559,2
4560,4
4561,3
4562,4
4563,3
4564,4
4565,4
4566,0
4567,4
4568,2
4569,8
4570,6
4571,4
4572,0
4573,4
4574,6
4575,2
4576,4
4577,4
4578,4
4579,5
4580,4
4581,4
4582,8
4583,4
4584,0
4585,0
4586,0
4587,2
4588,8
4589,4
4590,2
4591,8
4592,6
4593,6
4594,8
4595,8
4596,4
4597,6
4598,4
4599,8
4600,1
4601,2
4602,1
4603,2
4604,4
4605,2
4606,0
4607,2
4608,4
4609,0
4610,2
4611,8
4612,4
4613,0
4614,2
4615,4
4616,4
4617,3
4618,6
4619,8
4620,0
4621,8
4622,2
4623,5
4624,5
4625,8
4626,5
4627,4
4628,2
4629,4
4630,2
4631,5
4632,8
4633,2
4634,5
4635,4
4636,8
4637,2
4638,6
4639,4
4640,4
4641,2
4642,4
4643,2
4644,2
4645,4
4646,0
4647,8
4648,2
4649,8
4650,2
4651,8
4652,4
4653,4
4654,4
4655,3
4656,0
4657,7
4658,1
4659,2
4660,2
4661,3
4662,4
4663,2
4664,8
4665,6
4666,8
4667,0
4668,2
4669,4
4670,8
4671,6
4672,4
4673,0
4674,4
4675,0
4676,0
4677,4
4678,8
4679,2
4680,6
4681,0
4682,5
4683,4
4684,0
4685,2
4686,0
4687,0
4688,8
4689,3
4690,2
4691,4
4692,4
4693,4
4694,0
4695,8
4696,4
4697,2
4698,4
4699,4
4700,4
4701,0
4702,6
4703,4
4704,2
4705,4
4706,2
4707,2
4708,2
4709,8
4710,4
4711,8
4712,4
4713,8
4714,6
4715,6
4716,8
4717,4
4718,4
4719,9
4720,8
4721,8
4722,3
4723,9
4724,0
4725,9
4726,4
4727,9
4728,7
4729,2
4730,4
4731,2
4732,8
4733,6
4734,4
4735,8
4736,3
4737,8
4738,2
4739,4
4740,2
4741,8
4742,8
4743,2
4744,0
4745,0
4746,4
4747,5
4748,7
4749,6
4750,4
4751,2
4752,8
4753,2
4754,8
4755,4
4756,4
4757,2
4758,4
4759,0
4760,4
4761,3
4762,1
4763,0
4764,3
4765,5
4766,1
4767,6
4768,9
4769,8
4770,6
4771,8
4772,4
4773,6
4774,6
4775,2
4776,3
4777,2
4778,4
4779,3
4780,8
4781,9
4782,3
4783,2
4784,0
4785,3
4786,0
4787,8
4788,2
4789,8
4790,9
4791,9
4792,8
4793,8
4794,2
4795,4
4796,3
4797,2
4798,0
4799,8
4800,1
4801,4
4802,0
4803,5
4804,2
4805,6
4806,4
4807,8
4808,4
4809,8
4810,3
4811,2
4812,8
4813,8
4814,3
4815,8
4816,2
4817,6
4818,0
4819,3
4820,5
4821,4
4822,4
4823,8
4824,0
4825,6
4826,4
4827,0
4828,2
4829,5
4830,3
4831,1
4832,2
4833,6
4834,0
4835,5
4836,2
4837,4
4838,2
4839,4
4840,0
4841,1
4842,2
4843,2
4844,2
4845,2
4846,8
4847,2
4848,8
4849,3
4850,2
4851,1
4852,0
4853,8
4854,0
4855,2
4856,0
4857,6
4858,2
4859,2
4860,5
4861,8
4862,2
4863,8
4864,4
4865,3
4866,3
4867,0
4868,8
4869,8
4870,3
4871,4
4872,2
4873,2
4874,0
4875,0
4876,3
4877,2
4878,2
4879,6
4880,2
4881,8
4882,4
4883,6
4884,6
4885,0
4886,3
4887,6
4888,2
4889,2
4890,4
4891,2
4892,4
4893,1
4894,4
4895,1
4896,7
4897,2
4898,6
4899,4
4900,6
4901,0
4902,4
4903,4
4904,1
4905,7
4906,2
4907,5
4908,4
4909,0
4910,8
4911,8
4912,1
4913,0
4914,5
4915,5
4916,4
4917,2
4918,3
4919,8
4920,8
4921,2
4922,0
4923,0
4924,6
4925,3
4926,4
4927,4
4928,8
4929,8
4930,6
4931,8
4932,5
4933,3
4934,2
4935,2
4936,2
4937,8
4938,0
4939,0
4940,2
4941,6
4942,2
4943,2
4944,8
4945,4
4946,4
4947,6
4948,2
4949,0
4950,4
4951,2
4952,4
4953,0
4954,8
4955,2
4956,6
4957,2
4958,2
4959,8
4960,4
4961,8
4962,0
4963,3
4964,2
4965,4
4966,6
4967,4
4968,0
4969,6
4970,5
4971,3
4972,8
4973,8
4974,4
4975,2
4976,4
4977,9
4978,8
4979,2
4980,8
4981,0
4982,4
4983,3
4984,8
4985,4
4986,8
4987,0
4988,6
4989,6
4990,2
4991,8
4992,1
4993,0
4994,7
4995,3
4996,3
4997,3
4998,5
4999,3
5000,7
5001,4
5002,8
5003,2
5004,4
5005,4
5006,0
5007,5
5008,4
5009,4
5010,4
5011,5
5012,2
5013,2
5014,0
5015,4
5016,4
5017,3
5018,4
5019,8
5020,8
5021,0
5022,4
5023,4
5024,8
5025,8
5026,4
5027,6
5028,2
5029,2
5030,4
5031,0
5032,0
5033,3
5034,0
5035,5
5036,0
5037,8
5038,4
5039,6
5040,4
5041,2
5042,2
5043,0
5044,4
5045,4
5046,8
5047,5
5048,4
5049,4
5050,4
5051,8
5052,2
5053,5
5054,9
5055,0
5056,3
5057,4
5058,6
5059,4
5060,2
5061,2
5062,2
5063,8
5064,4
5065,8
5066,2
5067,0
5068,2
5069,8
5070,5
5071,2
5072,4
5073,0
5074,4
5075,4
5076,2
5077,0
5078,8
5079,2
5080,7
5081,2
5082,6
5083,6
5084,3
5085,2
5086,4
5087,0
5088,3
5089,4
5090,8
5091,0
5092,6
5093,8
5094,3
5095,0
5096,2
5097,3
5098,8
5099,2
5100,4
5101,3
5102,2
5103,0
5104,8
5105,0
5106,4
5107,4
5108,2
5109,0
5110,8
5111,4
5112,2
5113,6
5114,7
5115,5
5116,4
5117,3
5118,2
5119,2
5120,8
5121,2
5122,4
5123,2
5124,0
5125,6
5126,8
5127,8
5128,6
5129,4
5130,8
5131,2
5132,6
5133,4
5134,4
5135,4
5136,4
5137,8
5138,8
5139,3
5140,8
5141,5
5142,8
5143,9
5144,8
5145,4
5146,4
5147,4
5148,4
5149,2
5150,4
5151,4
5152,8
5153,4
5154,8
5155,3
5156,5
5157,4
5158,4
5159,4
5160,0
5161,6
5162,0
5163,4
5164,0
5165,2
5166,0
5167,2
5168,4
5169,4
5170,9
5171,7
5172,4
5173,2
5174,6
5175,4
5176,8
5177,2
5178,3
5179,5
5180,4
5181,1
5182,0
5183,4
5184,4
5185,8
5186,2
5187,4
5188,2
5189,2
5190,8
5191,2
5192,2
5193,4
5194,3
5195,4
5196,0
5197,8
5198,8
5199,6
5200,3
5201,1
5202,0
5203,2
5204,6
5205,0
5206,0
5207,2
5208,4
5209,7
5210,3
5211,3
5212,4
5213,4
5214,8
5215,8
5216,6
5217,1
5218,2
5219,2
5220,0
5221,4
5222,5
5223,0
5224,8
5225,0
5226,2
5227,4
5228,4
5229,2
5230,3
5231,8
5232,2
5233,8
5234,2
5235,2
5236,8
5237,4
5238,2
5239,0
5240,0
5241,4
5242,8
5243,1
5244,2
5245,1
5246,4
5247,8
5248,9
5249,8
5250,5
5251,5
5252,4
5253,0
5254,8
5255,4
5256,0
5257,0
5258,2
5259,0
5260,0
5261,2
5262,4
5263,8
5264,4
5265,2
5266,6
5267,4
5268,3
5269,6
5270,1
5271,3
5272,2
5273,8
5274,2
5275,8
5276,9
5277,0
5278,8
5279,0
5280,8
5281,6
5282,2
5283,4
5284,5
5285,4
5286,2
5287,2
5288,4
5289,4
5290,5
5291,3
5292,4
5293,2
5294,8
5295,0
5296,4
5297,4
5298,3
5299,8
5300,4
5301,2
5302,0
5303,5
5304,4
5305,2
5306,6
5307,8
5308,3
5309,0
5310,2
5311,4
5312,5
5313,8
5314,4
5315,6
5316,4
5317,4
5318,0
5319,4
5320,6
5321,2
5322,4
5323,1
5324,2
5325,2
5326,3
5327,2
5328,8
5329,8
5330,4
5331,2
5332,4
5333,2
5334,6
5335,2
5336,3
5337,2
5338,8
5339,8
5340,2
5341,4
5342,8
5343,5
5344,3
5345,4
5346,8
5347,8
5348,3
5349,3
5350,8
5351,4
5352,5
5353,8
5354,0
5355,8
5356,7
5357,0
5358,2
5359,8
5360,9
5361,0
5362,8
5363,4
5364,4
5365,2
5366,2
5367,2
5368,4
5369,2
5370,3
5371,7
5372,8
5373,2
5374,0
5375,8
5376,5
5377,5
5378,4
5379,4
5380,9
5381,3
5382,0
5383,8
5384,4
5385,2
5386,4
5387,4
5388,4
5389,4
5390,2
5391,6
5392,8
5393,4
5394,1
5395,8
5396,9
5397,8
5398,8
5399,3
5400,6
5401,8
5402,2
5403,4
5404,4
5405,2
5406,6
5407,4
5408,0
5409,2
5410,5
5411,4
5412,5
5413,3
5414,4
5415,4
5416,8
5417,4
5418,8
5419,4
5420,6
5421,4
5422,8
5423,2
5424,4
5425,2
5426,3
5427,4
5428,6
5429,2
5430,4
5431,1
5432,8
5433,5
5434,4
5435,2
5436,2
5437,4
5438,4
5439,8
5440,8
5441,3
5442,8
5443,4
5444,4
5445,4
5446,6
5447,5
5448,0
5449,1
5450,3
5451,2
5452,0
5453,0
5454,0
5455,0
5456,2
5457,8
5458,4
5459,3
5460,6
5461,6
5462,4
5463,2
5464,6
5465,4
5466,8
5467,2
5468,3
5469,2
5470,3
5471,4
5472,8
5473,5
5474,4
5475,6
5476,4
5477,8
5478,3
5479,2
5480,8
5481,0
5482,6
5483,6
5484,4
5485,8
5486,6
5487,3
5488,8
5489,4
5490,2
5491,0
5492,0
5493,4
5494,8
5495,4
5496,6
5497,2
5498,6
5499,4
5500,8
5501,6
5502,4
5503,8
5504,4
5505,4
5506,4
5507,4
5508,4
5509,4
5510,5
5511,2
5512,8
5513,3
5514,8
5515,4
5516,0
5517,8
5518,3
5519,3
5520,2
5521,2
5522,0
5523,2
5524,8
5525,0
5526,8
5527,4
5528,4
5529,0
5530,2
5531,8
5532,2
5533,0
5534,4
5535,8
5536,5
5537,3
5538,4
5539,2
5540,2
5541,0
5542,8
5543,0
5544,0
5545,6
5546,4
5547,0
5548,8
5549,4
5550,2
5551,7
5552,5
5553,3
5554,8
5555,2
5556,6
5557,4
5558,2
5559,2
5560,3
5561,4
5562,2
5563,0
5564,3
5565,4
5566,9
5567,2
5568,7
5569,2
5570,5
5571,7
5572,8
5573,4
5574,2
5575,4
5576,4
5577,2
5578,3
5579,8
5580,6
5581,5
5582,0
5583,0
5584,0
5585,0
5586,8
5587,0
5588,6
5589,2
5590,4
5591,2
5592,5
5593,4
5594,0
5595,4
5596,8
5597,4
5598,1
5599,4
5600,0
5601,7
5602,4
5603,2
5604,1
5605,8
5606,8
5607,6
5608,6
5609,0
5610,7
5611,3
5612,8
5613,4
5614,8
5615,2
5616,4
5617,5
5618,8
5619,8
5620,2
5621,2
5622,4
5623,0
5624,8
5625,5
5626,2
5627,3
5628,1
5629,4
5630,8
5631,6
5632,4
5633,2
5634,2
5635,4
5636,4
5637,2
5638,4
5639,2
5640,2
5641,4
5642,6
5643,7
5644,5
5645,3
5646,8
5647,2
5648,8
5649,6
5650,4
5651,4
5652,0
5653,4
5654,2
5655,3
5656,0
5657,2
5658,4
5659,2
5660,2
5661,4
5662,4
5663,4
5664,4
5665,0
5666,2
5667,3
5668,2
5669,0
5670,4
5671,2
5672,8
5673,4
5674,8
5675,4
5676,4
5677,4
5678,4
5679,8
5680,5
5681,6
5682,3
5683,6
5684,0
5685,0
5686,2
5687,0
5688,8
5689,6
5690,7
5691,2
5692,3
5693,4
5694,5
5695,4
5696,5
5697,2
5698,5
5699,2
5700,2
5701,8
5702,0
5703,0
5704,2
5705,4
5706,2
5707,8
5708,2
5709,2
5710,4
5711,2
5712,2
5713,5
5714,4
5715,6
5716,0
5717,2
5718,0
5719,2
5720,9
5721,2
5722,0
5723,6
5724,2
5725,5
5726,3
5727,2
5728,4
5729,8
5730,4
5731,6
5732,2
5733,2
5734,6
5735,0
5736,2
5737,8
5738,2
5739,4
5740,4
5741,8
5742,2
5743,6
5744,2
5745,2
5746,7
5747,0
5748,2
5749,3
5750,4
5751,4
5752,6
5753,2
5754,3
5755,4
5756,8
5757,2
5758,4
5759,3
5760,0
5761,2
5762,8
5763,9
5764,7
5765,4
5766,8
5767,3
5768,6
5769,3
5770,8
5771,2
5772,0
5773,2
5774,4
5775,2
5776,6
5777,0
5778,4
5779,6
5780,4
5781,4
5782,7
5783,8
5784,6
5785,2
5786,4
5787,6
5788,8
5789,4
5790,4
5791,8
5792,4
5793,8
5794,0
5795,4
5796,0
5797,8
5798,0
5799,2
5800,2
5801,1
5802,4
5803,8
5804,8
5805,6
5806,8
5807,6
5808,2
5809,0
5810,2
5811,2
5812,4
5813,4
5814,9
5815,3
5816,2
5817,6
5818,7
5819,5
5820,2
5821,0
5822,2
5823,5
5824,0
5825,6
5826,2
5827,0
5828,5
5829,4
5830,4
5831,4
5832,3
5833,4
5834,5
5835,8
5836,3
5837,3
5838,6
5839,2
5840,2
5841,4
5842,2
5843,6
5844,0
5845,4
5846,3
5847,4
5848,7
5849,3
5850,2
5851,2
5852,2
5853,3
5854,0
5855,2
5856,4
5857,0
5858,7
5859,8
5860,8
5861,2
5862,2
5863,4
5864,2
5865,2
5866,4
5867,4
5868,0
5869,6
5870,2
5871,4
5872,5
5873,2
5874,4
5875,6
5876,6
5877,8
5878,2
5879,6
5880,0
5881,2
5882,8
5883,4
5884,4
5885,2
5886,4
5887,0
5888,2
5889,4
5890,2
5891,0
5892,8
5893,8
5894,4
5895,6
5896,1
5897,4
5898,8
5899,2
5900,3
5901,6
5902,8
5903,8
5904,6
5905,4
5906,2
5907,5
5908,6
5909,3
5910,4
5911,2
5912,6
5913,7
5914,8
5915,3
5916,8
5917,2
5918,0
5919,0
5920,8
5921,4
5922,4
5923,8
5924,0
5925,2
5926,8
5927,2
5928,4
5929,7
5930,3
5931,2
5932,4
5933,0
5934,0
5935,4
5936,4
5937,4
5938,0
5939,8
5940,4
5941,8
5942,4
5943,6
5944,4
5945,6
5946,8
5947,5
5948,0
5949,2
5950,8
5951,0
5952,4
5953,7
5954,7
5955,0
5956,7
5957,0
5958,8
5959,8
5960,4
5961,2
5962,3
5963,2
5964,6
5965,7
5966,8
5967,0
5968,0
5969,6
5970,1
5971,0
5972,0
5973,4
5974,8
5975,0
5976,3
5977,4
5978,3
5979,6
5980,9
5981,4
5982,3
5983,4
5984,2
5985,3
5986,4
5987,3
5988,0
5989,8
5990,4
5991,2
5992,4
5993,8
5994,2
5995,0
5996,0
5997,4
5998,0
5999,2
6000,8
6001,8
6002,2
6003,0
6004,7
6005,2
6006,2
6007,4
6008,2
6009,2
6010,2
6011,5
6012,2
6013,6
6014,0
6015,0
6016,2
6017,2
6018,4
6019,6
6020,3
6021,3
6022,0
6023,3
6024,4
6025,4
6026,3
6027,4
6028,8
6029,0
6030,5
6031,4
6032,4
6033,2
6034,9
6035,4
6036,0
6037,5
6038,4
6039,8
6040,2
6041,5
6042,2
6043,4
6044,2
6045,8
6046,2
6047,0
6048,0
6049,8
6050,2
6051,4
6052,8
6053,2
6054,6
6055,0
6056,4
6057,8
6058,4
6059,9
6060,4
6061,8
6062,4
6063,3
6064,2
6065,4
6066,2
6067,8
6068,6
6069,8
6070,8
6071,0
6072,3
6073,0
6074,4
6075,6
6076,4
6077,4
6078,2
6079,3
6080,4
6081,2
6082,0
6083,4
6084,2
6085,6
6086,2
6087,2
6088,6
6089,4
6090,4
6091,8
6092,3
6093,4
6094,5
6095,9
6096,8
6097,5
6098,4
6099,7
6100,8
6101,6
6102,2
6103,2
6104,4
6105,0
6106,2
6107,0
6108,2
6109,4
6110,9
6111,8
6112,8
6113,2
6114,8
6115,8
6116,4
6117,1
6118,0
6119,1
6120,3
6121,3
6122,6
6123,3
6124,8
6125,8
6126,3
6127,2
6128,8
6129,8
6130,2
6131,8
6132,6
6133,2
6134,4
6135,7
6136,2
6137,2
6138,0
6139,4
6140,9
6141,8
6142,4
6143,2
6144,2
6145,6
6146,3
6147,0
6148,4
6149,7
6150,8
6151,4
6152,4
6153,4
6154,0
6155,8
6156,9
6157,0
6158,2
6159,1
6160,4
6161,4
6162,8
6163,2
6164,3
6165,3
6166,2
6167,8
6168,2
6169,0
6170,2
6171,4
6172,2
6173,1
6174,8
6175,3
6176,3
6177,4
6178,4
6179,8
6180,8
6181,8
6182,8
6183,5
6184,4
6185,2
6186,9
6187,0
6188,8
6189,0
6190,6
6191,0
6192,4
6193,0
6194,7
6195,5
6196,2
6197,4
6198,0
6199,5
6200,0
6201,4
6202,4
6203,4
6204,2
6205,1
6206,5
6207,2
6208,8
6209,4
6210,5
6211,0
6212,8
6213,4
6214,2
6215,0
6216,2
6217,8
6218,2
6219,0
6220,6
6221,0
6222,0
6223,7
6224,5
6225,0
6226,2
6227,5
6228,2
6229,2
6230,4
6231,0
6232,6
6233,7
6234,6
6235,6
6236,1
6237,4
6238,0
6239,4
6240,4
6241,2
6242,8
6243,2
6244,8
6245,5
6246,4
6247,2
6248,2
6249,2
6250,3
6251,8
6252,0
6253,6
6254,2
6255,4
6256,4
6257,2
6258,0
6259,8
6260,2
6261,2
6262,8
6263,4
6264,4
6265,4
6266,7
6267,2
6268,3
6269,5
6270,4
6271,2
6272,3
6273,0
6274,4
6275,8
6276,4
6277,8
6278,2
6279,0
6280,4
6281,5
6282,4
6283,4
6284,2
6285,8
6286,8
6287,5
6288,4
6289,0
6290,1
6291,9
6292,4
6293,4
6294,0
6295,8
6296,8
6297,5
6298,0
6299,0
6300,2
6301,0
6302,8
6303,0
6304,0
6305,4
6306,8
6307,0
6308,4
6309,2
6310,5
6311,8
6312,2
6313,4
6314,4
6315,5
6316,8
6317,8
6318,0
6319,7
6320,0
6321,8
6322,2
6323,2
6324,7
6325,8
6326,4
6327,4
6328,8
6329,4
6330,4
6331,0
6332,2
6333,4
6334,2
6335,2
6336,0
6337,9
6338,8
6339,6
6340,3
6341,8
6342,8
6343,8
6344,2
6345,4
6346,8
6347,0
6348,8
6349,8
6350,0
6351,0
6352,2
6353,4
6354,4
6355,0
6356,7
6357,4
6358,2
6359,2
6360,2
6361,0
6362,4
6363,0
6364,8
6365,4
6366,8
6367,4
6368,4
6369,2
6370,5
6371,2
6372,1
6373,6
6374,8
6375,2
6376,8
6377,9
6378,2
6379,8
6380,5
6381,0
6382,2
6383,3
6384,4
6385,3
6386,2
6387,4
6388,4
6389,4
6390,2
6391,2
6392,5
6393,0
6394,0
6395,0
6396,2
6397,4
6398,4
6399,4
6400,3
6401,4
6402,8
6403,2
6404,7
6405,2
6406,6
6407,4
6408,8
6409,8
6410,9
6411,8
6412,8
6413,6
6414,4
6415,2
6416,4
6417,6
6418,0
6419,8
6420,2
6421,2
6422,3
6423,4
6424,0
6425,4
6426,0
6427,2
6428,6
6429,4
6430,8
6431,8
6432,4
6433,3
6434,8
6435,8
6436,8
6437,0
6438,4
6439,2
6440,8
6441,6
6442,4
6443,4
6444,3
6445,8
6446,2
6447,0
6448,0
6449,8
6450,0
6451,2
6452,4
6453,4
6454,6
6455,6
6456,2
6457,2
6458,2
6459,6
6460,4
6461,4
6462,0
6463,8
6464,1
6465,0
6466,2
6467,3
6468,8
6469,2
6470,8
6471,6
6472,8
6473,7
6474,8
6475,7
6476,8
6477,4
6478,0
6479,4
6480,0
6481,1
6482,0
6483,4
6484,8
6485,9
6486,2
6487,4
6488,8
6489,8
6490,8
6491,8
6492,8
6493,2
6494,4
6495,4
6496,4
6497,4
6498,4
6499,6
6500,6
6501,2
6502,6
6503,2
6504,4
6505,4
6506,5
6507,3
6508,0
6509,8
6510,6
6511,4
6512,2
6513,7
6514,4
6515,3
6516,2
6517,3
6518,3
6519,2
6520,4
6521,4
6522,2
6523,2
6524,8
6525,8
6526,8
6527,3
6528,4
6529,4
6530,6
6531,4
6532,2
6533,3
6534,4
6535,4
6536,4
6537,8
6538,0
6539,4
6540,8
6541,8
6542,5
6543,6
6544,8
6545,0
6546,2
6547,4
6548,8
6549,8
6550,8
6551,4
6552,0
6553,4
6554,3
6555,6
6556,4
6557,9
6558,3
6559,4
6560,2
6561,8
6562,8
6563,6
6564,2
6565,3
6566,4
6567,4
6568,4
6569,8
6570,8
6571,4
6572,4
6573,8
6574,1
6575,5
6576,6
6577,2
6578,6
6579,8
6580,4
6581,6
6582,4
6583,8
6584,4
6585,6
6586,4
6587,2
6588,0
6589,2
6590,7
6591,4
6592,2
6593,2
6594,8
6595,2
6596,2
6597,8
6598,8
6599,4
6600,7
6601,0
6602,9
6603,4
6604,5
6605,6
6606,2
6607,2
6608,5
6609,5
6610,8
6611,8
6612,5
6613,3
6614,4
6615,4
6616,4
6617,8
6618,0
6619,8
6620,4
6621,2
6622,4
6623,8
6624,4
6625,2
6626,2
6627,2
6628,0
6629,2
6630,4
6631,4
6632,2
6633,2
6634,6
6635,3
6636,4
6637,0
6638,0
6639,0
6640,3
6641,8
6642,3
6643,8
6644,0
6645,2
6646,2
6647,4
6648,0
6649,0
6650,0
6651,6
6652,2
6653,0
6654,4
6655,1
6656,5
6657,4
6658,2
6659,8
6660,9
6661,4
6662,4
6663,0
6664,4
6665,0
6666,2
6667,4
6668,4
6669,4
6670,4
6671,3
6672,8
6673,4
6674,0
6675,3
6676,2
6677,4
6678,2
6679,4
6680,3
6681,8
6682,2
6683,5
6684,8
6685,1
6686,1
6687,4
6688,8
6689,4
6690,8
6691,8
6692,2
6693,0
6694,2
6695,4
6696,2
6697,2
6698,6
6699,2
6700,4
6701,4
6702,5
6703,2
6704,9
6705,4
6706,4
6707,2
6708,2
6709,5
6710,6
6711,5
6712,0
6713,2
6714,0
6715,2
6716,8
6717,0
6718,8
6719,2
6720,2
6721,5
6722,2
6723,4
6724,9
6725,3
6726,4
6727,6
6728,8
6729,3
6730,8
6731,4
6732,0
6733,5
6734,8
6735,2
6736,2
6737,8
6738,0
6739,0
6740,4
6741,0
6742,1
6743,8
6744,3
6745,2
6746,3
6747,8
6748,2
6749,6
6750,4
6751,8
6752,8
6753,4
6754,8
6755,4
6756,5
6757,2
6758,8
6759,3
6760,6
6761,7
6762,6
6763,4
6764,5
6765,2
6766,8
6767,2
6768,2
6769,5
6770,2
6771,2
6772,8
6773,6
6774,2
6775,0
6776,8
6777,4
6778,2
6779,4
6780,7
6781,2
6782,2
6783,2
6784,8
6785,6
6786,2
6787,5
6788,4
6789,1
6790,5
6791,7
6792,8
6793,3
6794,8
6795,8
6796,2
6797,4
6798,4
6799,8
6800,4
6801,2
6802,4
6803,2
6804,4
6805,4
6806,8
6807,2
6808,8
6809,2
6810,8
6811,4
6812,2
6813,4
6814,8
6815,0
6816,8
6817,0
6818,4
6819,8
6820,1
6821,3
6822,2
6823,2
6824,0
6825,3
6826,4
6827,6
6828,4
6829,8
6830,4
6831,8
6832,8
6833,4
6834,1
6835,8
6836,7
6837,4
6838,2
6839,2
6840,6
6841,4
6842,8
6843,8
6844,7
6845,4
6846,4
6847,8
6848,8
6849,2
6850,2
6851,0
6852,8
6853,5
6854,0
6855,4
6856,6
6857,4
6858,8
6859,4
6860,0
6861,4
6862,3
6863,4
6864,0
6865,2
6866,4
6867,2
6868,8
6869,4
6870,0
6871,4
6872,6
6873,4
6874,4
6875,4
6876,8
6877,8
6878,4
6879,0
6880,6
6881,4
6882,9
6883,3
6884,8
6885,0
6886,4
6887,4
6888,4
6889,8
6890,5
6891,8
6892,5
6893,4
6894,6
6895,6
6896,3
6897,8
6898,2
6899,0
6900,4
6901,4
6902,2
6903,4
6904,8
6905,4
6906,8
6907,3
6908,4
6909,2
6910,0
6911,4
6912,0
6913,3
6914,2
6915,4
6916,3
6917,4
6918,2
6919,2
6920,2
6921,2
6922,4
6923,0
6924,4
6925,2
6926,4
6927,5
6928,2
6929,8
6930,0
6931,3
6932,2
6933,0
6934,6
6935,4
6936,2
6937,8
6938,3
6939,2
6940,1
6941,8
6942,3
6943,2
6944,5
6945,5
6946,2
6947,4
6948,4
6949,8
6950,8
6951,2
6952,8
6953,0
6954,2
6955,2
6956,4
6957,6
6958,8
6959,2
6960,8
6961,0
6962,8
6963,6
6964,5
6965,3
6966,8
6967,6
6968,8
6969,0
6970,0
6971,9
6972,1
6973,2
6974,3
6975,8
6976,6
6977,2
6978,4
6979,4
6980,4
6981,2
6982,4
6983,8
6984,8
6985,4
6986,4
6987,2
6988,4
6989,4
6990,3
6991,1
6992,3
6993,3
6994,4
6995,2
6996,0
6997,3
6998,8
6999,8
7000,8
7001,6
7002,2
7003,6
7004,0
7005,7
7006,2
7007,4
7008,2
7009,2
7010,0
7011,4
7012,0
7013,6
7014,0
7015,3
7016,6
7017,8
7018,0
7019,2
7020,4
7021,8
7022,0
7023,0
7024,6
7025,6
7026,4
7027,2
7028,4
7029,8
7030,3
7031,0
7032,6
7033,8
7034,0
7035,2
7036,2
7037,8
7038,8
7039,4
7040,8
7041,8
7042,8
7043,6
7044,4
7045,2
7046,4
7047,8
7048,8
7049,2
7050,9
7051,5
7052,1
7053,1
7054,8
7055,2
7056,2
7057,2
7058,8
7059,4
7060,8
7061,4
7062,2
7063,6
7064,8
7065,4
7066,3
7067,7
7068,4
7069,0
7070,4
7071,1
7072,8
7073,4
7074,5
7075,6
7076,4
7077,8
7078,7
7079,7
7080,4
7081,4
7082,8
7083,2
7084,4
7085,4
7086,4
7087,8
7088,8
7089,3
7090,4
7091,3
7092,2
7093,4
7094,4
7095,0
7096,0
7097,4
7098,1
7099,4
7100,4
7101,4
7102,0
7103,8
7104,2
7105,3
7106,2
7107,4
7108,7
7109,4
7110,6
7111,6
7112,0
7113,8
7114,1
7115,0
7116,0
7117,6
7118,5
7119,0
7120,6
7121,0
7122,4
7123,6
7124,2
7125,7
7126,3
7127,4
7128,5
7129,8
7130,6
7131,6
7132,4
7133,0
7134,4
7135,4
7136,7
7137,4
7138,2
7139,0
7140,4
7141,4
7142,8
7143,2
7144,8
7145,3
7146,8
7147,0
7148,8
7149,6
7150,0
7151,8
7152,4
7153,0
7154,0
7155,2
7156,2
7157,3
7158,4
7159,6
7160,4
7161,2
7162,4
7163,5
7164,0
7165,0
7166,3
7167,7
7168,6
7169,0
7170,5
7171,2
7172,3
7173,4
7174,5
7175,4
7176,3
7177,2
7178,8
7179,4
7180,6
7181,2
7182,0
7183,2
7184,2
7185,8
7186,5
7187,7
7188,4
7189,8
7190,4
7191,8
7192,7
7193,8
7194,8
7195,2
7196,0
7197,4
7198,8
7199,3
7200,3
7201,8
7202,6
7203,5
7204,4
7205,2
7206,6
7207,3
7208,6
7209,0
7210,3
7211,2
7212,4
7213,4
7214,4
7215,1
7216,2
7217,3
7218,0
7219,0
7220,8
7221,2
7222,0
7223,4
7224,4
7225,1
7226,7
7227,4
7228,6
7229,4
7230,2
7231,8
7232,6
7233,2
7234,9
7235,4
7236,4
7237,4
7238,4
7239,2
7240,8
7241,4
7242,2
7243,4
7244,5
7245,4
7246,2
7247,0
7248,4
7249,9
7250,8
7251,2
7252,8
7253,2
7254,2
7255,3
7256,4
7257,8
7258,2
7259,2
7260,8
7261,8
7262,2
7263,2
7264,4
7265,3
7266,2
7267,2
7268,8
7269,3
7270,2
7271,4
7272,8
7273,2
7274,8
7275,2
7276,6
7277,4
7278,4
7279,3
7280,6
7281,2
7282,4
7283,2
7284,0
7285,2
7286,4
7287,2
7288,2
7289,0
7290,4
7291,3
7292,3
7293,6
7294,8
7295,3
7296,8
7297,4
7298,2
7299,2
7300,2
7301,2
7302,6
7303,0
7304,3
7305,2
7306,4
7307,8
7308,0
7309,1
7310,2
7311,0
7312,2
7313,3
7314,4
7315,0
7316,5
7317,6
7318,2
7319,0
7320,8
7321,4
7322,0
7323,3
7324,2
7325,4
7326,4
7327,6
7328,2
7329,6
7330,5
7331,5
7332,7
7333,6
7334,5
7335,4
7336,4
7337,4
7338,2
7339,6
7340,4
7341,4
7342,3
7343,5
7344,4
7345,6
7346,3
7347,0
7348,6
7349,2
7350,9
7351,4
7352,3
7353,8
7354,0
7355,4
7356,0
7357,4
7358,8
7359,4
7360,4
7361,8
7362,8
7363,2
7364,2
7365,4
7366,2
7367,4
7368,2
7369,5
7370,4
7371,6
7372,8
7373,0
7374,5
7375,9
7376,1
7377,2
7378,5
7379,7
7380,4
7381,4
7382,0
7383,4
7384,3
7385,9
7386,2
7387,2
7388,4
7389,6
7390,4
7391,2
7392,4
7393,4
7394,4
7395,2
7396,8
7397,4
7398,3
7399,3
7400,4
7401,3
7402,8
7403,4
7404,8
7405,7
7406,2
7407,8
7408,2
7409,8
7410,4
7411,4
7412,0
7413,6
7414,8
7415,3
7416,8
7417,4
7418,8
7419,4
7420,0
7421,5
7422,4
7423,3
7424,5
7425,4
7426,7
7427,4
7428,0
7429,2
7430,2
7431,8
7432,7
7433,5
7434,0
7435,4
7436,8
7437,4
7438,5
7439,4
7440,2
7441,8
7442,4
7443,2
7444,1
7445,6
7446,2
7447,8
7448,4
7449,2
7450,1
7451,8
7452,4
7453,2
7454,0
7455,9
7456,8
7457,2
7458,4
7459,8
7460,5
7461,9
7462,8
7463,0
7464,8
7465,8
7466,2
7467,4
7468,8
7469,2
7470,2
7471,3
7472,0
7473,6
7474,3
7475,3
7476,5
7477,0
7478,3
7479,4
7480,5
7481,4
7482,4
7483,2
7484,4
7485,8
7486,8
7487,0
7488,2
7489,6
7490,4
7491,8
7492,5
7493,3
7494,2
7495,2
7496,0
7497,3
7498,4
7499,3
7500,6
7501,6
7502,3
7503,8
7504,2
7505,6
7506,4
7507,2
7508,4
7509,2
7510,3
7511,0
7512,5
7513,0
7514,4
7515,8
7516,4
7517,2
7518,3
7519,2
7520,4
7521,2
7522,2
7523,0
7524,8
7525,8
7526,0
7527,6
7528,3
7529,4
7530,8
7531,2
7532,0
7533,8
7534,2
7535,8
7536,3
7537,2
7538,2
7539,4
7540,5
7541,2
7542,2
7543,8
7544,0
7545,4
7546,9
7547,9
7548,2
7549,5
7550,4
7551,2
7552,0
7553,2
7554,3
7555,1
7556,5
7557,4
7558,2
7559,8
7560,3
7561,2
7562,0
7563,8
7564,8
7565,1
7566,8
7567,3
7568,5
7569,4
7570,0
7571,4
7572,2
7573,8
7574,0
7575,8
7576,8
7577,8
7578,4
7579,3
7580,8
7581,4
7582,0
7583,6
7584,9
7585,2
7586,2
7587,6
7588,0
7589,6
7590,2
7591,6
7592,8
7593,5
7594,6
7595,8
7596,5
7597,8
7598,0
7599,8
7600,8
7601,8
7602,6
7603,1
7604,1
7605,2
7606,2
7607,0
7608,2
7609,3
7610,4
7611,4
7612,6
7613,7
7614,4
7615,4
7616,0
7617,0
7618,3
7619,4
7620,4
7621,8
7622,9
7623,8
7624,2
7625,7
7626,2
7627,6
7628,0
7629,6
7630,8
7631,1
7632,4
7633,7
7634,8
7635,0
7636,2
7637,3
7638,0
7639,3
7640,4
7641,3
7642,4
7643,8
7644,2
7645,0
7646,4
7647,2
7648,0
7649,5
7650,2
7651,4
7652,0
7653,8
7654,4
7655,8
7656,1
7657,8
7658,2
7659,2
7660,4
7661,1
7662,6
7663,4
7664,2
7665,7
7666,4
7667,5
7668,2
7669,2
7670,2
7671,0
7672,3
7673,2
7674,8
7675,0
7676,5
7677,4
7678,8
7679,2
7680,4
7681,0
7682,8
7683,0
7684,2
7685,0
7686,4
7687,4
7688,8
7689,8
7690,2
7691,2
7692,8
7693,4
7694,8
7695,8
7696,0
7697,5
7698,0
7699,8
7700,6
7701,0
7702,4
7703,0
7704,1
7705,2
7706,3
7707,4
7708,2
7709,0
7710,8
7711,2
7712,5
7713,8
7714,5
7715,8
7716,5
7717,4
7718,0
7719,2
7720,3
7721,2
7722,2
7723,4
7724,8
7725,4
7726,2
7727,6
7728,8
7729,9
7730,3
7731,8
7732,4
7733,0
7734,4
7735,2
7736,4
7737,8
7738,2
7739,8
7740,2
7741,5
7742,0
7743,3
7744,4
7745,3
7746,0
7747,4
7748,0
7749,8
7750,4
7751,4
7752,1
7753,8
7754,8
7755,0
7756,2
7757,6
7758,4
7759,8
7760,2
7761,4
7762,7
7763,3
7764,6
7765,8
7766,2
7767,6
7768,8
7769,0
7770,9
7771,0
7772,3
7773,0
7774,0
7775,4
7776,5
7777,2
7778,2
7779,6
7780,8
7781,4
7782,8
7783,2
7784,0
7785,2
7786,8
7787,3
7788,6
7789,3
7790,8
7791,6
7792,4
7793,8
7794,6
7795,4
7796,8
7797,4
7798,2
7799,6
7800,8
7801,4
7802,2
7803,0
7804,2
7805,4
7806,0
7807,2
7808,8
7809,8
7810,6
7811,0
7812,8
7813,0
7814,4
7815,4
7816,2
7817,6
7818,0
7819,3
7820,0
7821,0
7822,4
7823,2
7824,5
7825,3
7826,9
7827,3
7828,4
7829,0
7830,4
7831,4
7832,8
7833,8
7834,5
7835,0
7836,0
7837,7
7838,8
7839,8
7840,1
7841,0
7842,2
7843,4
7844,7
7845,2
7846,4
7847,3
7848,2
7849,0
7850,0
7851,8
7852,7
7853,2
7854,3
7855,2
7856,4
7857,4
7858,6
7859,6
7860,4
7861,2
7862,0
7863,0
7864,0
7865,3
7866,2
7867,2
7868,8
7869,8
7870,2
7871,6
7872,8
7873,8
7874,2
7875,2
7876,8
7877,4
7878,8
7879,2
7880,0
7881,4
7882,4
7883,9
7884,8
7885,4
7886,7
7887,4
7888,7
7889,8
7890,2
7891,4
7892,2
7893,8
7894,3
7895,2
7896,2
7897,0
7898,2
7899,7
7900,0
7901,7
7902,2
7903,0
7904,1
7905,2
7906,4
7907,6
7908,3
7909,0
7910,5
7911,5
7912,4
7913,8
7914,2
7915,5
7916,2
7917,2
7918,3
7919,3
7920,8
7921,4
7922,3
7923,2
7924,6
7925,0
7926,6
7927,4
7928,2
7929,0
7930,2
7931,4
7932,8
7933,2
7934,8
7935,2
7936,0
7937,2
7938,2
7939,2
7940,4
7941,4
7942,4
7943,8
7944,0
7945,6
7946,2
7947,2
7948,4
7949,3
7950,9
7951,4
7952,0
7953,8
7954,5
7955,4
7956,6
7957,2
7958,4
7959,0
7960,0
7961,3
7962,6
7963,7
7964,8
7965,4
7966,7
7967,4
7968,8
7969,0
7970,6
7971,5
7972,8
7973,5
7974,6
7975,2
7976,4
7977,8
7978,4
7979,2
7980,2
7981,2
7982,0
7983,8
7984,8
7985,5
7986,8
7987,4
7988,4
7989,3
7990,0
7991,8
7992,2
7993,4
7994,0
7995,8
7996,2
7997,8
7998,6
7999,2
8000,0
8001,4
8002,4
8003,3
8004,3
8005,1
8006,4
8007,4
8008,5
8009,6
8010,2
8011,8
8012,2
8013,8
8014,2
8015,8
8016,2
8017,0
8018,0
8019,6
8020,3
8021,8
8022,5
8023,3
8024,0
8025,5
8026,8
8027,2
8028,2
8029,2
8030,0
8031,0
8032,4
8033,6
8034,6
8035,1
8036,4
8037,1
8038,3
8039,1
8040,4
8041,4
8042,7
8043,4
8044,0
8045,6
8046,0
8047,8
8048,8
8049,2
8050,6
8051,4
8052,7
8053,1
8054,0
8055,2
8056,0
8057,9
8058,7
8059,3
8060,4
8061,0
8062,4
8063,8
8064,8
8065,2
8066,0
8067,8
8068,4
8069,2
8070,3
8071,2
8072,3
8073,8
8074,7
8075,8
8076,7
8077,8
8078,2
8079,0
8080,4
8081,4
8082,5
8083,8
8084,3
8085,4
8086,0
8087,4
8088,6
8089,8
8090,4
8091,4
8092,8
8093,2
8094,1
8095,0
8096,3
8097,8
8098,4
8099,3
8100,2
8101,8
8102,4
8103,7
8104,4
8105,8
8106,8
8107,2
8108,3
8109,2
8110,2
8111,2
8112,4
8113,6
8114,6
8115,6
8116,1
8117,8
8118,4
8119,2
8120,8
8121,0
8122,3
8123,2
8124,2
8125,9
8126,2
8127,4
8128,4
8129,6
8130,2
8131,0
8132,8
8133,8
8134,2
8135,2
8136,8
8137,3
8138,9
8139,2
8140,4
8141,5
8142,0
8143,6
8144,4
8145,0
8146,8
8147,2
8148,2
8149,9
8150,6
8151,8
8152,8
8153,2
8154,3
8155,4
8156,8
8157,8
8158,8
8159,4
8160,6
8161,7
8162,8
8163,0
8164,2
8165,2
8166,2
8167,8
8168,4
8169,5
8170,5
8171,8
8172,4
8173,6
8174,6
8175,4
8176,3
8177,8
8178,1
8179,4
8180,4
8181,6
8182,8
8183,4
8184,4
8185,8
8186,8
8187,3
8188,2
8189,8
8190,4
8191,4
8192,3
8193,5
8194,8
8195,8
8196,0
8197,8
8198,2
8199,4
8200,2
8201,8
8202,2
8203,5
8204,6
8205,6
8206,0
8207,4
8208,8
8209,2
8210,0
8211,4
8212,6
8213,6
8214,8
8215,0
8216,3
8217,0
8218,4
8219,6
8220,6
8221,4
8222,8
8223,8
8224,3
8225,0
8226,0
8227,4
8228,8
8229,4
8230,0
8231,3
8232,5
8233,4
8234,1
8235,7
8236,2
8237,2
8238,4
8239,4
8240,7
8241,0
8242,0
8243,4
8244,4
8245,5
8246,8
8247,2
8248,8
8249,8
8250,2
8251,6
8252,2
8253,0
8254,8
8255,4
8256,8
8257,6
8258,3
8259,4
8260,3
8261,4
8262,0
8263,2
8264,8
8265,0
8266,0
8267,7
8268,4
8269,0
8270,6
8271,3
8272,4
8273,4
8274,3
8275,8
8276,8
8277,2
8278,0
8279,6
8280,2
8281,3
8282,8
8283,5
8284,4
8285,9
8286,3
8287,8
8288,5
8289,5
8290,4
8291,2
8292,2
8293,0
8294,8
8295,5
8296,5
8297,5
8298,3
8299,2
8300,2
8301,4
8302,2
8303,8
8304,9
8305,4
8306,4
8307,7
8308,5
8309,2
8310,3
8311,3
8312,4
8313,4
8314,8
8315,4
8316,2
8317,4
8318,3
8319,4
8320,7
8321,2
8322,2
8323,8
8324,3
8325,8
8326,0
8327,4
8328,2
8329,8
8330,5
8331,2
8332,8
8333,4
8334,4
8335,2
8336,3
8337,4
8338,2
8339,8
8340,4
8341,2
8342,0
8343,5
8344,4
8345,2
8346,3
8347,3
8348,4
8349,8
8350,9
8351,0
8352,2
8353,8
8354,4
8355,0
8356,1
8357,4
8358,0
8359,4
8360,4
8361,8
8362,3
8363,4
8364,8
8365,6
8366,1
8367,4
8368,2
8369,4
8370,2
8371,6
8372,4
8373,8
8374,4
8375,4
8376,9
8377,8
8378,2
8379,8
8380,8
8381,4
8382,2
8383,4
8384,6
8385,4
8386,4
8387,8
8388,4
8389,2
8390,6
8391,8
8392,4
8393,8
8394,2
8395,1
8396,5
8397,0
8398,4
8399,6
8400,8
8401,2
8402,0
8403,2
8404,2
8405,2
8406,8
8407,8
8408,0
8409,8
8410,4
8411,8
8412,4
8413,3
8414,3
8415,0
8416,2
8417,1
8418,8
8419,4
8420,2
8421,5
8422,4
8423,2
8424,4
8425,2
8426,8
8427,8
8428,5
8429,4
8430,8
8431,8
8432,6
8433,6
8434,9
8435,8
8436,4
8437,6
8438,4
8439,8
8440,4
8441,8
8442,6
8443,7
8444,5
8445,0
8446,5
8447,8
8448,2
8449,6
8450,2
8451,3
8452,0
8453,0
8454,2
8455,1
8456,4
8457,3
8458,5
8459,8
8460,8
8461,5
8462,6
8463,2
8464,4
8465,2
8466,2
8467,8
8468,4
8469,3
8470,8
8471,8
8472,2
8473,0
8474,4
8475,2
8476,2
8477,3
8478,2
8479,1
8480,2
8481,3
8482,8
8483,0
8484,4
8485,0
8486,4
8487,4
8488,2
8489,8
8490,5
8491,2
8492,8
8493,2
8494,0
8495,6
8496,8
8497,4
8498,4
8499,8
8500,4
8501,8
8502,2
8503,8
8504,2
8505,2
8506,9
8507,8
8508,2
8509,4
8510,7
8511,2
8512,6
8513,0
8514,2
8515,8
8516,4
8517,4
8518,9
8519,4
8520,4
8521,8
8522,1
8523,4
8524,2
8525,2
8526,4
8527,2
8528,6
8529,8
8530,0
8531,8
8532,4
8533,4
8534,4
8535,5
8536,8
8537,0
8538,4
8539,6
8540,2
8541,4
8542,6
8543,0
8544,2
8545,6
8546,0
8547,3
8548,5
8549,1
8550,4
8551,8
8552,6
8553,4
8554,0
8555,2
8556,8
8557,2
8558,5
8559,2
8560,4
8561,8
8562,4
8563,2
8564,8
8565,4
8566,8
8567,8
8568,2
8569,2
8570,6
8571,5
8572,0
8573,2
8574,2
8575,8
8576,0
8577,8
8578,5
8579,4
8580,0
8581,8
8582,6
8583,8
8584,8
8585,9
8586,2
8587,7
8588,2
8589,2
8590,0
8591,4
8592,0
8593,8
8594,6
8595,1
8596,4
8597,3
8598,4
8599,2
8600,4
8601,4
8602,2
8603,4
8604,5
8605,6
8606,4
8607,8
8608,8
8609,4
8610,2
8611,0
8612,4
8613,2
8614,8
8615,2
8616,4
8617,4
8618,3
8619,5
8620,4
8621,1
8622,2
8623,1
8624,4
8625,4
8626,3
8627,7
8628,2
8629,3
8630,5
8631,6
8632,8
8633,4
8634,5
8635,6
8636,6
8637,2
8638,0
8639,0
8640,4
8641,2
8642,2
8643,8
8644,7
8645,1
8646,4
8647,4
8648,8
8649,2
8650,2
8651,2
8652,8
8653,8
8654,2
8655,8
8656,4
8657,6
8658,2
8659,4
8660,2
8661,2
8662,6
8663,4
8664,3
8665,6
8666,8
8667,0
8668,4
8669,2
8670,4
8671,4
8672,6
8673,0
8674,8
8675,0
8676,8
8677,5
8678,8
8679,7
8680,2
8681,2
8682,4
8683,5
8684,3
8685,2
8686,8
8687,0
8688,8
8689,2
8690,0
8691,8
8692,2
8693,6
8694,8
8695,4
8696,8
8697,5
8698,4
8699,4
8700,3
8701,8
8702,8
8703,4
8704,0
8705,2
8706,4
8707,2
8708,4
8709,0
8710,6
8711,4
8712,1
8713,8
8714,4
8715,2
8716,2
8717,8
8718,7
8719,6
8720,0
8721,4
8722,3
8723,4
8724,6
8725,0
8726,0
8727,8
8728,4
8729,5
8730,2
8731,8
8732,4
8733,4
8734,2
8735,4
8736,4
8737,3
8738,4
8739,6
8740,4
8741,2
8742,1
8743,8
8744,4
8745,5
8746,2
8747,2
8748,4
8749,8
8750,5
8751,4
8752,6
8753,2
8754,6
8755,6
8756,6
8757,2
8758,0
8759,7
8760,3
8761,8
8762,8
8763,4
8764,0
8765,2
8766,2
8767,2
8768,2
8769,8
8770,4
8771,4
8772,8
8773,2
8774,4
8775,6
8776,4
8777,0
8778,0
8779,4
8780,0
8781,4
8782,2
8783,4
8784,2
8785,8
8786,4
8787,2
8788,6
8789,5
8790,8
8791,2
8792,4
8793,4
8794,3
8795,0
8796,8
8797,2
8798,6
8799,3
8800,0
8801,5
8802,6
8803,6
8804,0
8805,8
8806,2
8807,6
8808,2
8809,0
8810,4
8811,8
8812,0
8813,8
8814,4
8815,6
8816,4
8817,2
8818,0
8819,0
8820,2
8821,2
8822,4
8823,4
8824,3
8825,2
8826,8
8827,2
8828,2
8829,8
8830,9
8831,6
8832,4
8833,4
8834,8
8835,4
8836,4
8837,1
8838,8
8839,3
8840,4
8841,2
8842,4
8843,2
8844,2
8845,2
8846,6
8847,2
8848,4
8849,0
8850,2
8851,0
8852,2
8853,2
8854,0
8855,2
8856,0
8857,8
8858,6
8859,2
8860,2
8861,2
8862,0
8863,4
8864,9
8865,4
8866,1
8867,8
8868,5
8869,4
8870,3
8871,2
8872,7
8873,5
8874,4
8875,6
8876,8
8877,2
8878,8
8879,8
8880,4
8881,6
8882,2
8883,1
8884,8
8885,3
8886,2
8887,2
8888,8
8889,4
8890,8
8891,1
8892,8
8893,0
8894,3
8895,0
8896,8
8897,6
8898,4
8899,4
8900,4
8901,7
8902,4
8903,0
8904,5
8905,4
8906,8
8907,8
8908,8
8909,0
8910,2
8911,8
8912,6
8913,8
8914,4
8915,0
8916,4
8917,0
8918,8
8919,7
8920,3
8921,8
8922,2
8923,2
8924,2
8925,2
8926,4
8927,4
8928,8
8929,9
8930,2
8931,9
8932,2
8933,6
8934,3
8935,8
8936,8
8937,2
8938,8
8939,5
8940,6
8941,0
8942,2
8943,6
8944,2
8945,3
8946,8
8947,4
8948,0
8949,6
8950,8
8951,8
8952,2
8953,8
8954,2
8955,2
8956,0
8957,2
8958,4
8959,4
8960,0
8961,4
8962,0
8963,4
8964,8
8965,2
8966,4
8967,2
8968,6
8969,8
8970,8
8971,2
8972,3
8973,3
8974,2
8975,8
8976,2
8977,1
8978,4
8979,5
8980,0
8981,4
8982,6
8983,2
8984,4
8985,0
8986,4
8987,5
8988,2
8989,4
8990,1
8991,0
8992,3
8993,2
8994,8
8995,2
8996,0
8997,6
8998,9
8999,8
9000,8
9001,8
9002,6
9003,6
9004,0
9005,5
9006,4
9007,2
9008,0
9009,4
9010,4
9011,4
9012,0
9013,4
9014,4
9015,0
9016,2
9017,0
9018,5
9019,8
9020,8
9021,3
9022,6
9023,4
9024,0
9025,2
9026,8
9027,0
9028,8
9029,2
9030,2
9031,0
9032,8
9033,4
9034,2
9035,2
9036,2
9037,0
9038,4
9039,2
9040,5
9041,2
9042,4
9043,0
9044,4
9045,0
9046,8
9047,0
9048,8
9049,2
9050,3
9051,8
9052,0
9053,5
9054,2
9055,4
9056,4
9057,8
9058,4
9059,6
9060,5
9061,4
9062,4
9063,7
9064,4
9065,0
9066,5
9067,0
9068,8
9069,4
9070,2
9071,3
9072,1
9073,6
9074,2
9075,0
9076,2
9077,2
9078,4
9079,4
9080,0
9081,7
9082,4
9083,8
9084,5
9085,8
9086,0
9087,2
9088,6
9089,5
9090,2
9091,7
9092,2
9093,2
9094,6
9095,5
9096,0
9097,0
9098,0
9099,2
9100,6
9101,8
9102,4
9103,6
9104,4
9105,8
9106,6
9107,8
9108,2
9109,4
9110,1
9111,0
9112,4
9113,4
9114,8
9115,0
9116,4
9117,8
9118,4
9119,2
9120,2
9121,5
9122,2
9123,2
9124,8
9125,4
9126,4
9127,8
9128,4
9129,4
9130,0
9131,8
9132,6
9133,0
9134,2
9135,2
9136,2
9137,4
9138,5
9139,2
9140,0
9141,3
9142,3
9143,8
9144,8
9145,0
9146,5
9147,5
9148,4
9149,0
9150,4
9151,0
9152,4
9153,2
9154,0
9155,5
9156,4
9157,6
9158,8
9159,0
9160,5
9161,4
9162,8
9163,4
9164,3
9165,0
9166,6
9167,7
9168,2
9169,8
9170,8
9171,4
9172,2
9173,2
9174,4
9175,0
9176,0
9177,8
9178,1
9179,1
9180,5
9181,0
9182,0
9183,8
9184,2
9185,4
9186,4
9187,4
9188,4
9189,2
9190,6
9191,3
9192,2
9193,4
9194,4
9195,3
9196,0
9197,0
9198,4
9199,9
9200,8
9201,5
9202,7
9203,8
9204,8
9205,4
9206,8
9207,3
9208,0
9209,2
9210,2
9211,4
9212,6
9213,5
9214,6
9215,5
9216,2
9217,2
9218,2
9219,9
9220,8
9221,4
9222,7
9223,3
9224,4
9225,2
9226,4
9227,9
9228,2
9229,4
9230,4
9231,5
9232,4
9233,8
9234,2
9235,2
9236,0
9237,2
9238,8
9239,8
9240,8
9241,4
9242,0
9243,3
9244,4
9245,4
9246,3
9247,8
9248,8
9249,9
9250,2
9251,6
9252,4
9253,8
9254,5
9255,5
9256,0
9257,4
9258,8
9259,7
9260,5
9261,4
9262,8
9263,4
9264,6
9265,0
9266,8
9267,4
9268,4
9269,4
9270,1
9271,0
9272,0
9273,2
9274,8
9275,8
9276,4
9277,6
9278,2
9279,8
9280,0
9281,2
9282,3
9283,8
9284,7
9285,8
9286,2
9287,0
9288,0
9289,5
9290,2
9291,0
9292,8
9293,6
9294,2
9295,5
9296,2
9297,2
9298,8
9299,3
9300,4
9301,3
9302,4
9303,0
9304,3
9305,4
9306,2
9307,6
9308,4
9309,6
9310,2
9311,6
9312,8
9313,8
9314,2
9315,4
9316,4
9317,4
9318,4
9319,6
9320,8
9321,2
9322,2
9323,0
9324,6
9325,6
9326,8
9327,2
9328,3
9329,7
9330,4
9331,0
9332,9
9333,2
9334,4
9335,0
9336,5
9337,0
9338,2
9339,0
9340,1
9341,4
9342,4
9343,8
9344,6
9345,0
9346,2
9347,8
9348,6
9349,8
9350,2
9351,4
9352,3
9353,2
9354,0
9355,8
9356,0
9357,8
9358,8
9359,0
9360,2
9361,4
9362,3
9363,3
9364,5
9365,4
9366,5
9367,8
9368,8
9369,2
9370,8
9371,8
9372,7
9373,8
9374,4
9375,2
9376,2
9377,4
9378,0
9379,2
9380,3
9381,3
9382,0
9383,0
9384,0
9385,5
9386,2
9387,5
9388,3
9389,0
9390,7
9391,8
9392,6
9393,4
9394,0
9395,7
9396,8
9397,2
9398,4
9399,7
9400,2
9401,4
9402,4
9403,5
9404,6
9405,8
9406,2
9407,6
9408,4
9409,3
9410,5
9411,4
9412,8
9413,0
9414,4
9415,4
9416,4
9417,2
9418,0
9419,4
9420,6
9421,6
9422,4
9423,0
9424,0
9425,4
9426,8
9427,4
9428,6
9429,6
9430,6
9431,5
9432,6
9433,2
9434,5
9435,2
9436,4
9437,8
9438,8
9439,0
9440,8
9441,4
9442,2
9443,2
9444,7
9445,0
9446,3
9447,4
9448,4
9449,8
9450,4
9451,0
9452,6
9453,2
9454,2
9455,1
9456,4
9457,8
9458,7
9459,6
9460,4
9461,4
9462,0
9463,8
9464,4
9465,2
9466,6
9467,4
9468,2
9469,0
9470,8
9471,4
9472,8
9473,0
9474,8
9475,2
9476,8
9477,3
9478,2
9479,2
9480,2
9481,5
9482,0
9483,8
9484,8
9485,2
9486,2
9487,8
9488,3
9489,4
9490,0
9491,4
9492,6
9493,8
9494,9
9495,0
9496,1
9497,4
9498,4
9499,8
9500,2
9501,0
9502,6
9503,4
9504,4
9505,4
9506,2
9507,0
9508,8
9509,2
9510,8
9511,6
9512,0
9513,4
9514,4
9515,0
9516,9
9517,4
9518,3
9519,7
9520,9
9521,2
9522,4
9523,0
9524,4
9525,2
9526,0
9527,5
9528,8
9529,5
9530,6
9531,8
9532,8
9533,0
9534,4
9535,5
9536,8
9537,3
9538,8
9539,1
9540,4
9541,2
9542,2
9543,2
9544,0
9545,8
9546,2
9547,2
9548,0
9549,4
9550,2
9551,0
9552,8
9553,3
9554,7
9555,4
9556,2
9557,5
9558,8
9559,9
9560,8
9561,8
9562,4
9563,0
9564,2
9565,0
9566,6
9567,0
9568,8
9569,2
9570,6
9571,4
9572,8
9573,5
9574,4
9575,3
9576,4
9577,0
9578,5
9579,2
9580,4
9581,4
9582,4
9583,8
9584,4
9585,6
9586,4
9587,0
9588,8
9589,5
9590,0
9591,1
9592,8
9593,4
9594,3
9595,4
9596,5
9597,4
9598,6
9599,7
9600,8
9601,5
9602,8
9603,2
9604,0
9605,1
9606,4
9607,4
9608,0
9609,3
9610,2
9611,8
9612,2
9613,2
9614,6
9615,4
9616,2
9617,0
9618,4
9619,8
9620,2
9621,6
9622,2
9623,8
9624,8
9625,0
9626,8
9627,4
9628,0
9629,8
9630,6
9631,0
9632,4
9633,3
9634,0
9635,4
9636,4
9637,4
9638,4
9639,2
9640,4
9641,2
9642,0
9643,0
9644,0
9645,1
9646,6
9647,3
9648,3
9649,3
9650,8
9651,4
9652,8
9653,0
9654,4
9655,8
9656,6
9657,4
9658,0
9659,4
9660,6
9661,3
9662,1
9663,8
9664,0
9665,5
9666,2
9667,8
9668,4
9669,8
9670,8
9671,7
9672,4
9673,8
9674,9
9675,2
9676,0
9677,4
9678,2
9679,5
9680,8
9681,4
9682,2
9683,4
9684,6
9685,2
9686,1
9687,0
9688,2
9689,0
9690,4
9691,6
9692,9
9693,6
9694,3
9695,0
9696,8
9697,8
9698,7
9699,2
9700,0
9701,4
9702,7
9703,4
9704,2
9705,6
9706,6
9707,5
9708,4
9709,8
9710,5
9711,4
9712,5
9713,8
9714,0
9715,4
9716,2
9717,4
9718,8
9719,8
9720,8
9721,6
9722,3
9723,4
9724,0
9725,8
9726,8
9727,6
9728,2
9729,2
9730,6
9731,4
9732,4
9733,7
9734,6
9735,8
9736,8
9737,4
9738,2
9739,8
9740,4
9741,6
9742,8
9743,1
9744,0
9745,4
9746,0
9747,0
9748,7
9749,0
9750,6
9751,6
9752,2
9753,3
9754,4
9755,4
9756,4
9757,4
9758,6
9759,4
9760,4
9761,6
9762,2
9763,4
9764,2
9765,4
9766,0
9767,4
9768,7
9769,8
9770,5
9771,4
9772,4
9773,9
9774,4
9775,8
9776,4
9777,6
9778,3
9779,2
9780,4
9781,6
9782,4
9783,4
9784,0
9785,4
9786,6
9787,0
9788,1
9789,2
9790,8
9791,0
9792,4
9793,8
9794,2
9795,2
9796,0
9797,4
9798,8
9799,2
9800,1
9801,4
9802,0
9803,8
9804,4
9805,0
9806,8
9807,8
9808,0
9809,3
9810,4
9811,1
9812,6
9813,0
9814,8
9815,4
9816,8
9817,1
9818,8
9819,4
9820,2
9821,4
9822,0
9823,6
9824,0
9825,2
9826,8
9827,2
9828,8
9829,2
9830,8
9831,6
9832,4
9833,4
9834,0
9835,2
9836,8
9837,4
9838,8
9839,2
9840,3
9841,8
9842,6
9843,8
9844,8
9845,8
9846,8
9847,0
9848,0
9849,0
9850,4
9851,4
9852,8
9853,4
9854,6
9855,4
9856,0
9857,3
9858,2
9859,2
9860,0
9861,2
9862,3
9863,6
9864,8
9865,0
9866,8
9867,8
9868,8
9869,2
9870,3
9871,1
9872,0
9873,4
9874,4
9875,8
9876,0
9877,4
9878,2
9879,8
9880,4
9881,1
9882,8
9883,2
9884,8
9885,8
9886,4
9887,1
9888,8
9889,8
9890,0
9891,8
9892,4
9893,2
9894,3
9895,2
9896,4
9897,8
9898,0
9899,7
9900,3
9901,4
9902,6
9903,4
9904,0
9905,1
9906,1
9907,2
9908,8
9909,6
9910,2
9911,0
9912,8
9913,2
9914,8
9915,8
9916,1
9917,6
9918,5
9919,4
9920,2
9921,0
9922,2
9923,6
9924,8
9925,2
9926,2
9927,8
9928,8
9929,8
9930,3
9931,8
9932,8
9933,3
9934,4
9935,6
9936,8
9937,6
9938,8
9939,5
9940,6
9941,8
9942,7
9943,8
9944,7
9945,4
9946,0
9947,2
9948,0
9949,5
9950,2
9951,0
9952,4
9953,2
9954,0
9955,8
9956,8
9957,0
9958,6
9959,3
9960,0
9961,2
9962,4
9963,8
9964,0
9965,4
9966,3
9967,4
9968,2
9969,6
9970,4
9971,0
9972,0
9973,8
9974,4
9975,7
9976,4
9977,3
9978,4
9979,0
9980,0
9981,4
9982,3
9983,2
9984,4
9985,5
9986,0
9987,8
9988,8
9989,4
9990,7
9991,8
9992,3
9993,3
9994,4
9995,3
9996,4
9997,3
9998,4
9999,4
